,kmode_cluster
0,2
1,2
2,0
3,1
4,1
5,2
6,2
7,2
8,0
9,0
10,0
11,1
12,0
13,2
14,2
15,1
16,2
17,1
18,2
19,0
20,1
21,2
22,2
23,0
24,0
25,0
26,0
27,0
28,0
29,2
30,2
31,1
32,2
33,0
34,0
35,2
36,0
37,0
38,0
39,2
40,0
41,2
42,2
43,0
44,1
45,1
46,0
47,1
48,2
49,1
50,1
51,2
52,0
53,1
54,1
55,2
56,2
57,2
58,1
59,2
60,1
61,2
62,0
63,0
64,1
65,2
66,2
67,1
68,0
69,1
70,1
71,2
72,2
73,1
74,0
75,2
76,1
77,0
78,2
79,2
80,2
81,0
82,2
83,0
84,1
85,1
86,1
87,0
88,1
89,0
90,0
91,1
92,1
93,1
94,1
95,2
96,2
97,2
98,2
99,2
100,2
101,0
102,2
103,1
104,0
105,2
106,2
107,2
108,1
109,0
110,1
111,1
112,2
113,0
114,2
115,2
116,0
117,2
118,1
119,2
120,2
121,0
122,2
123,2
124,0
125,0
126,0
127,2
128,2
129,1
130,0
131,1
132,0
133,2
134,2
135,2
136,0
137,1
138,2
139,2
140,1
141,2
142,1
143,2
144,2
145,2
146,2
147,1
148,0
149,0
150,2
151,1
152,1
153,1
154,1
155,0
156,0
157,2
158,1
159,0
160,2
161,0
162,2
163,0
164,2
165,2
166,2
167,0
168,2
169,0
170,2
171,1
172,0
173,0
174,0
175,0
176,1
177,0
178,2
179,1
180,1
181,1
182,1
183,0
184,1
185,1
186,1
187,0
188,1
189,0
190,1
191,1
192,0
193,2
194,1
195,2
196,2
197,2
198,0
199,0
200,2
201,2
202,0
203,1
204,1
205,2
206,0
207,0
208,1
209,1
210,2
211,2
212,2
213,1
214,1
215,0
216,2
217,0
218,0
219,2
220,0
221,0
222,0
223,0
224,2
225,2
226,2
227,0
228,2
229,2
230,2
231,0
232,0
233,2
234,0
235,0
236,1
237,2
238,1
239,1
240,1
241,1
242,2
243,1
244,1
245,0
246,2
247,0
248,1
249,0
250,2
251,1
252,1
253,1
254,2
255,0
256,1
257,0
258,1
259,2
260,2
261,2
262,0
263,2
264,2
265,2
266,0
267,0
268,0
269,0
270,2
271,0
272,1
273,0
274,2
275,2
276,0
277,2
278,1
279,2
280,2
281,0
282,0
283,2
284,2
285,2
286,0
287,2
288,0
289,0
290,2
291,1
292,0
293,2
294,1
295,1
296,0
297,0
298,0
299,0
300,0
301,2
302,1
303,1
304,0
305,2
306,0
307,2
308,1
309,2
310,2
311,1
312,2
313,2
314,2
315,1
316,2
317,0
318,2
319,2
320,2
321,2
322,0
323,0
324,0
325,1
326,1
327,1
328,0
329,1
330,0
331,0
332,0
333,1
334,0
335,2
336,0
337,2
338,1
339,1
340,1
341,2
342,2
343,0
344,0
345,2
346,2
347,1
348,1
349,0
350,2
351,2
352,0
353,2
354,2
355,0
356,0
357,2
358,1
359,2
360,2
361,0
362,1
363,2
364,0
365,2
366,0
367,2
368,2
369,0
370,0
371,2
372,1
373,1
374,0
375,1
376,0
377,1
378,0
379,0
380,1
381,0
382,0
383,1
384,2
385,0
386,1
387,2
388,2
389,0
390,1
391,2
392,1
393,0
394,2
395,2
396,1
397,1
398,0
399,2
400,2
401,2
402,1
403,1
404,2
405,1
406,2
407,1
408,0
409,2
410,1
411,2
412,0
413,2
414,0
415,1
416,0
417,0
418,1
419,2
420,0
421,2
422,0
423,0
424,1
425,2
426,0
427,0
428,2
429,2
430,0
431,0
432,0
433,1
434,2
435,2
436,0
437,0
438,2
439,0
440,0
441,2
442,1
443,1
444,0
445,0
446,1
447,1
448,0
449,1
450,0
451,1
452,2
453,2
454,1
455,0
456,1
457,0
458,2
459,2
460,1
461,2
462,1
463,1
464,2
465,2
466,2
467,1
468,2
469,2
470,2
471,0
472,2
473,0
474,2
475,0
476,1
477,2
478,2
479,2
480,1
481,2
482,2
483,0
484,0
485,1
486,2
487,2
488,1
489,0
490,2
491,0
492,0
493,0
494,0
495,0
496,2
497,2
498,2
499,2
500,2
501,0
502,2
503,2
504,0
505,0
506,2
507,2
508,2
509,1
510,2
511,1
512,0
513,0
514,2
515,2
516,2
517,0
518,0
519,0
520,2
521,0
522,2
523,0
524,0
525,0
526,0
527,2
528,1
529,1
530,0
531,1
532,1
533,2
534,2
535,1
536,0
537,1
538,1
539,0
540,2
541,1
542,0
543,1
544,1
545,0
546,1
547,1
548,2
549,1
550,1
551,0
552,2
553,1
554,1
555,2
556,2
557,1
558,0
559,0
560,2
561,2
562,0
563,1
564,0
565,0
566,0
567,0
568,1
569,0
570,1
571,1
572,2
573,1
574,0
575,1
576,2
577,0
578,2
579,2
580,0
581,0
582,0
583,0
584,1
585,0
586,2
587,2
588,0
589,0
590,1
591,0
592,0
593,2
594,2
595,1
596,2
597,2
598,2
599,0
600,0
601,2
602,0
603,1
604,1
605,0
606,2
607,2
608,1
609,0
610,0
611,0
612,0
613,0
614,2
615,1
616,0
617,0
618,2
619,0
620,2
621,2
622,1
623,2
624,2
625,0
626,0
627,2
628,1
629,2
630,1
631,1
632,2
633,0
634,2
635,0
636,2
637,0
638,2
639,2
640,1
641,0
642,1
643,1
644,2
645,0
646,2
647,1
648,1
649,0
650,2
651,0
652,2
653,2
654,2
655,2
656,1
657,1
658,1
659,1
660,0
661,2
662,2
663,1
664,1
665,1
666,2
667,2
668,2
669,2
670,0
671,2
672,1
673,2
674,2
675,0
676,1
677,2
678,0
679,2
680,0
681,0
682,2
683,0
684,2
685,2
686,1
687,2
688,0
689,0
690,0
691,1
692,0
693,2
694,2
695,1
696,0
697,2
698,1
699,0
700,1
701,1
702,1
703,2
704,2
705,0
706,1
707,1
708,1
709,1
710,2
711,2
712,0
713,1
714,2
715,1
716,1
717,0
718,2
719,2
720,2
721,1
722,2
723,2
724,1
725,0
726,1
727,2
728,1
729,1
730,0
731,1
732,1
733,0
734,2
735,1
736,0
737,0
738,0
739,2
740,0
741,1
742,2
743,0
744,2
745,2
746,2
747,2
748,0
749,2
750,0
751,0
752,2
753,2
754,0
755,2
756,2
757,0
758,0
759,2
760,0
761,2
762,2
763,2
764,2
765,2
766,0
767,0
768,2
769,0
770,0
771,1
772,1
773,2
774,2
775,0
776,2
777,0
778,2
779,0
780,0
781,0
782,1
783,1
784,0
785,2
786,1
787,0
788,2
789,0
790,2
791,1
792,1
793,1
794,2
795,1
796,2
797,2
798,2
799,2
800,2
801,1
802,1
803,2
804,2
805,2
806,2
807,1
808,0
809,2
810,0
811,0
812,0
813,2
814,2
815,0
816,0
817,2
818,2
819,2
820,1
821,2
822,1
823,1
824,1
825,2
826,2
827,2
828,2
829,0
830,0
831,2
832,0
833,0
834,0
835,0
836,2
837,1
838,2
839,0
840,0
841,2
842,2
843,2
844,1
845,2
846,0
847,0
848,2
849,1
850,0
851,2
852,2
853,1
854,0
855,0
856,2
857,0
858,1
859,0
860,0
861,2
862,0
863,2
864,1
865,2
866,2
867,1
868,2
869,2
870,1
871,0
872,0
873,2
874,0
875,2
876,1
877,2
878,0
879,2
880,2
881,2
882,2
883,1
884,2
885,1
886,0
887,2
888,0
889,1
890,1
891,2
892,2
893,2
894,0
895,0
896,1
897,1
898,1
899,2
900,1
901,2
902,0
903,2
904,0
905,0
906,2
907,2
908,0
909,1
910,0
911,2
912,1
913,2
914,1
915,2
916,0
917,1
918,1
919,1
920,1
921,0
922,1
923,2
924,0
925,0
926,2
927,2
928,0
929,0
930,2
931,2
932,0
933,0
934,0
935,0
936,1
937,0
938,1
939,1
940,0
941,0
942,2
943,0
944,1
945,2
946,2
947,0
948,1
949,0
950,0
951,0
952,1
953,0
954,1
955,1
956,0
957,2
958,2
959,2
960,0
961,0
962,0
963,0
964,1
965,2
966,2
967,1
968,2
969,1
970,2
971,0
972,0
973,2
974,2
975,2
976,1
977,0
978,0
979,2
980,2
981,2
982,2
983,0
984,0
985,1
986,0
987,1
988,2
989,2
990,2
991,2
992,0
993,1
994,2
995,2
996,2
997,1
998,0
999,0
1000,1
1001,2
1002,2
1003,2
1004,1
1005,1
1006,2
1007,0
1008,0
1009,2
1010,2
1011,0
1012,2
1013,2
1014,1
1015,0
1016,0
1017,0
1018,1
1019,1
1020,0
1021,1
1022,0
1023,2
1024,0
1025,2
1026,2
1027,2
1028,0
1029,0
1030,0
1031,2
1032,2
1033,2
1034,2
1035,2
1036,0
1037,0
1038,1
1039,2
1040,0
1041,2
1042,2
1043,0
1044,2
1045,2
1046,1
1047,1
1048,2
1049,2
1050,0
1051,1
1052,0
1053,2
1054,2
1055,0
1056,0
1057,2
1058,2
1059,0
1060,0
1061,2
1062,0
1063,1
1064,2
1065,0
1066,0
1067,2
1068,0
1069,0
1070,1
1071,0
1072,0
1073,0
1074,0
1075,2
1076,0
1077,1
1078,0
1079,2
1080,1
1081,1
1082,2
1083,1
1084,0
1085,2
1086,2
1087,1
1088,0
1089,1
1090,2
1091,0
1092,2
1093,2
1094,2
1095,0
1096,0
1097,0
1098,1
1099,0
1100,2
1101,0
1102,1
1103,2
1104,1
1105,0
1106,2
1107,0
1108,0
1109,0
1110,0
1111,2
1112,1
1113,0
1114,0
1115,2
1116,0
1117,2
1118,2
1119,2
1120,1
1121,0
1122,0
1123,1
1124,1
1125,2
1126,0
1127,1
1128,0
1129,1
1130,0
1131,0
1132,0
1133,2
1134,2
1135,1
1136,2
1137,1
1138,0
1139,2
1140,0
1141,1
1142,2
1143,1
1144,0
1145,0
1146,2
1147,0
1148,0
1149,0
1150,0
1151,2
1152,1
1153,0
1154,0
1155,2
1156,0
1157,2
1158,0
1159,1
1160,2
1161,0
1162,2
1163,0
1164,0
1165,2
1166,2
1167,0
1168,0
1169,2
1170,0
1171,1
1172,1
1173,2
1174,1
1175,2
1176,1
1177,2
1178,2
1179,0
1180,2
1181,0
1182,2
1183,0
1184,2
1185,1
1186,2
1187,2
1188,1
1189,0
1190,1
1191,2
1192,1
1193,0
1194,2
1195,2
1196,0
1197,2
1198,2
1199,2
1200,0
1201,1
1202,2
1203,1
1204,0
1205,2
1206,0
1207,0
1208,2
1209,0
1210,0
1211,2
1212,1
1213,0
1214,1
1215,2
1216,0
1217,2
1218,0
1219,1
1220,1
1221,2
1222,0
1223,0
1224,1
1225,2
1226,2
1227,0
1228,0
1229,1
1230,1
1231,1
1232,0
1233,1
1234,2
1235,0
1236,0
1237,2
1238,0
1239,0
1240,2
1241,0
1242,2
1243,2
1244,2
1245,1
1246,2
1247,1
1248,2
1249,0
1250,2
1251,0
1252,1
1253,1
1254,0
1255,0
1256,0
1257,0
1258,0
1259,0
1260,1
1261,0
1262,1
1263,0
1264,1
1265,2
1266,2
1267,0
1268,0
1269,2
1270,0
1271,2
1272,2
1273,2
1274,1
1275,0
1276,2
1277,1
1278,2
1279,0
1280,0
1281,2
1282,2
1283,0
1284,1
1285,2
1286,1
1287,2
1288,1
1289,0
1290,1
1291,2
1292,1
1293,1
1294,0
1295,0
1296,0
1297,0
1298,2
1299,2
1300,1
1301,1
1302,2
1303,2
1304,2
1305,0
1306,1
1307,0
1308,0
1309,2
1310,1
1311,0
1312,1
1313,1
1314,0
1315,0
1316,2
1317,2
1318,0
1319,0
1320,2
1321,2
1322,2
1323,0
1324,1
1325,0
1326,1
1327,1
1328,1
1329,0
1330,2
1331,0
1332,0
1333,0
1334,0
1335,1
1336,2
1337,2
1338,2
1339,0
1340,1
1341,0
1342,1
1343,2
1344,0
1345,1
1346,2
1347,2
1348,0
1349,1
1350,1
1351,2
1352,0
1353,0
1354,2
1355,0
1356,2
1357,2
1358,0
1359,0
1360,1
1361,1
1362,0
1363,0
1364,2
1365,0
1366,2
1367,0
1368,0
1369,1
1370,0
1371,2
1372,2
1373,2
1374,0
1375,1
1376,2
1377,1
1378,0
1379,1
1380,0
1381,1
1382,0
1383,1
1384,1
1385,2
1386,1
1387,1
1388,1
1389,1
1390,2
1391,2
1392,2
1393,1
1394,0
1395,1
1396,1
1397,2
1398,1
1399,0
1400,0
1401,2
1402,2
1403,2
1404,1
1405,0
1406,1
1407,2
1408,1
1409,0
1410,2
1411,2
1412,2
1413,0
1414,0
1415,1
1416,0
1417,0
1418,2
1419,0
1420,1
1421,2
1422,1
1423,1
1424,0
1425,0
1426,2
1427,0
1428,0
1429,0
1430,1
1431,1
1432,0
1433,0
1434,2
1435,0
1436,2
1437,2
1438,2
1439,0
1440,2
1441,2
1442,0
1443,2
1444,0
1445,1
1446,1
1447,2
1448,2
1449,1
1450,0
1451,0
1452,0
1453,2
1454,0
1455,2
1456,2
1457,2
1458,0
1459,0
1460,0
1461,1
1462,2
1463,0
1464,2
1465,2
1466,0
1467,0
1468,2
1469,2
1470,2
1471,1
1472,0
1473,2
1474,0
1475,0
1476,1
1477,0
1478,0
1479,0
1480,2
1481,1
1482,2
1483,0
1484,2
1485,0
1486,0
1487,1
1488,0
1489,0
1490,0
1491,0
1492,2
1493,1
1494,1
1495,1
1496,0
1497,0
1498,0
1499,2
1500,1
1501,1
1502,0
1503,1
1504,1
1505,2
1506,0
1507,2
1508,0
1509,0
1510,2
1511,0
1512,1
1513,0
1514,0
1515,0
1516,1
1517,2
1518,2
1519,2
1520,0
1521,0
1522,1
1523,2
1524,2
1525,1
1526,0
1527,2
1528,1
1529,0
1530,1
1531,1
1532,0
1533,2
1534,0
1535,2
1536,1
1537,1
1538,0
1539,2
1540,0
1541,1
1542,1
1543,2
1544,2
1545,2
1546,2
1547,1
1548,2
1549,2
1550,2
1551,1
1552,0
1553,1
1554,2
1555,1
1556,0
1557,2
1558,1
1559,0
1560,2
1561,0
1562,2
1563,1
1564,2
1565,2
1566,2
1567,2
1568,1
1569,1
1570,0
1571,1
1572,1
1573,0
1574,2
1575,0
1576,0
1577,2
1578,2
1579,0
1580,2
1581,0
1582,1
1583,1
1584,0
1585,2
1586,0
1587,0
1588,2
1589,0
1590,0
1591,0
1592,2
1593,1
1594,0
1595,2
1596,2
1597,0
1598,0
1599,2
1600,0
1601,1
1602,2
1603,1
1604,1
1605,0
1606,0
1607,2
1608,0
1609,0
1610,0
1611,1
1612,2
1613,2
1614,2
1615,2
1616,1
1617,2
1618,2
1619,2
1620,1
1621,2
1622,0
1623,1
1624,0
1625,1
1626,2
1627,0
1628,2
1629,0
1630,1
1631,2
1632,2
1633,2
1634,0
1635,0
1636,2
1637,2
1638,0
1639,1
1640,2
1641,2
1642,0
1643,1
1644,1
1645,2
1646,0
1647,0
1648,2
1649,0
1650,1
1651,2
1652,1
1653,0
1654,1
1655,1
1656,0
1657,2
1658,0
1659,1
1660,0
1661,1
1662,1
1663,0
1664,2
1665,0
1666,1
1667,1
1668,2
1669,2
1670,2
1671,1
1672,1
1673,0
1674,1
1675,2
1676,2
1677,1
1678,1
1679,2
1680,2
1681,0
1682,2
1683,0
1684,1
1685,0
1686,2
1687,1
1688,2
1689,0
1690,2
1691,2
1692,0
1693,1
1694,2
1695,2
1696,2
1697,0
1698,0
1699,1
1700,0
1701,2
1702,1
1703,0
1704,0
1705,2
1706,1
1707,0
1708,2
1709,2
1710,1
1711,1
1712,2
1713,1
1714,1
1715,0
1716,0
1717,2
1718,2
1719,2
1720,0
1721,2
1722,0
1723,2
1724,2
1725,2
1726,1
1727,2
1728,0
1729,2
1730,0
1731,2
1732,0
1733,1
1734,1
1735,1
1736,0
1737,0
1738,2
1739,0
1740,1
1741,2
1742,0
1743,1
1744,2
1745,2
1746,2
1747,0
1748,0
1749,2
1750,1
1751,2
1752,2
1753,0
1754,1
1755,0
1756,1
1757,2
1758,2
1759,2
1760,1
1761,2
1762,1
1763,1
1764,0
1765,1
1766,2
1767,2
1768,2
1769,2
1770,0
1771,2
1772,2
1773,0
1774,1
1775,0
1776,1
1777,2
1778,1
1779,1
1780,0
1781,1
1782,2
1783,0
1784,1
1785,0
1786,1
1787,1
1788,0
1789,1
1790,1
1791,1
1792,2
1793,0
1794,2
1795,0
1796,2
1797,2
1798,1
1799,0
1800,2
1801,0
1802,2
1803,2
1804,2
1805,1
1806,2
1807,0
1808,0
1809,1
1810,1
1811,2
1812,2
1813,1
1814,1
1815,0
1816,1
1817,0
1818,1
1819,2
1820,2
1821,1
1822,2
1823,2
1824,2
1825,2
1826,0
1827,0
1828,2
1829,2
1830,2
1831,2
1832,1
1833,2
1834,0
1835,0
1836,0
1837,2
1838,2
1839,1
1840,2
1841,1
1842,0
1843,1
1844,0
1845,2
1846,1
1847,2
1848,1
1849,0
1850,1
1851,0
1852,2
1853,2
1854,0
1855,1
1856,1
1857,0
1858,1
1859,0
1860,2
1861,2
1862,1
1863,1
1864,1
1865,2
1866,0
1867,1
1868,0
1869,0
1870,0
1871,0
1872,2
1873,2
1874,1
1875,0
1876,0
1877,0
1878,1
1879,0
1880,0
1881,1
1882,2
1883,2
1884,1
1885,2
1886,2
1887,0
1888,2
1889,2
1890,2
1891,1
1892,2
1893,0
1894,1
1895,1
1896,2
1897,2
1898,2
1899,2
1900,2
1901,0
1902,0
1903,1
1904,1
1905,2
1906,0
1907,2
1908,2
1909,0
1910,2
1911,1
1912,2
1913,2
1914,1
1915,2
1916,0
1917,2
1918,1
1919,0
1920,2
1921,2
1922,0
1923,0
1924,0
1925,2
1926,1
1927,1
1928,0
1929,1
1930,2
1931,2
1932,0
1933,0
1934,0
1935,0
1936,2
1937,2
1938,0
1939,2
1940,1
1941,1
1942,0
1943,0
1944,2
1945,2
1946,0
1947,0
1948,1
1949,0
1950,0
1951,0
1952,2
1953,1
1954,2
1955,2
1956,1
1957,2
1958,2
1959,1
1960,1
1961,2
1962,1
1963,2
1964,1
1965,0
1966,0
1967,1
1968,2
1969,1
1970,0
1971,2
1972,0
1973,0
1974,2
1975,0
1976,2
1977,1
1978,2
1979,1
1980,2
1981,2
1982,2
1983,1
1984,0
1985,0
1986,0
1987,0
1988,2
1989,2
1990,0
1991,0
1992,0
1993,2
1994,2
1995,2
1996,1
1997,2
1998,2
1999,0
2000,0
2001,2
2002,1
2003,0
2004,2
2005,1
2006,0
2007,1
2008,0
2009,2
2010,2
2011,2
2012,0
2013,2
2014,1
2015,1
2016,0
2017,2
2018,2
2019,1
2020,2
2021,1
2022,2
2023,1
2024,0
2025,1
2026,0
2027,0
2028,2
2029,0
2030,0
2031,2
2032,1
2033,0
2034,1
2035,2
2036,2
2037,2
2038,0
2039,1
2040,2
2041,0
2042,0
2043,2
2044,0
2045,2
2046,2
2047,1
2048,1
2049,0
2050,2
2051,0
2052,0
2053,1
2054,2
2055,2
2056,2
2057,0
2058,2
2059,2
2060,2
2061,2
2062,0
2063,1
2064,1
2065,2
2066,1
2067,1
2068,0
2069,1
2070,1
2071,0
2072,0
2073,0
2074,1
2075,0
2076,1
2077,2
2078,2
2079,1
2080,0
2081,0
2082,2
2083,1
2084,2
2085,2
2086,2
2087,2
2088,2
2089,2
2090,0
2091,0
2092,1
2093,2
2094,1
2095,0
2096,2
2097,0
2098,0
2099,0
2100,2
2101,2
2102,2
2103,1
2104,0
2105,2
2106,0
2107,0
2108,1
2109,1
2110,1
2111,2
2112,0
2113,2
2114,2
2115,1
2116,1
2117,0
2118,2
2119,2
2120,0
2121,2
2122,1
2123,2
2124,0
2125,2
2126,0
2127,0
2128,2
2129,0
2130,2
2131,0
2132,2
2133,2
2134,2
2135,2
2136,0
2137,0
2138,2
2139,0
2140,2
2141,2
2142,1
2143,2
2144,1
2145,2
2146,1
2147,1
2148,1
2149,2
2150,0
2151,0
2152,2
2153,0
2154,2
2155,2
2156,0
2157,2
2158,0
2159,1
2160,0
2161,2
2162,2
2163,1
2164,0
2165,0
2166,0
2167,0
2168,2
2169,0
2170,2
2171,0
2172,0
2173,2
2174,0
2175,1
2176,0
2177,0
2178,0
2179,0
2180,2
2181,0
2182,0
2183,2
2184,0
2185,0
2186,2
2187,1
2188,1
2189,2
2190,0
2191,1
2192,0
2193,2
2194,0
2195,2
2196,0
2197,1
2198,2
2199,2
2200,0
2201,0
2202,2
2203,0
2204,2
2205,2
2206,1
2207,1
2208,2
2209,0
2210,0
2211,2
2212,1
2213,0
2214,2
2215,0
2216,2
2217,1
2218,2
2219,1
2220,2
2221,1
2222,0
2223,0
2224,0
2225,1
2226,2
2227,2
2228,2
2229,1
2230,2
2231,1
2232,2
2233,0
2234,2
2235,0
2236,0
2237,1
2238,0
2239,1
2240,0
2241,2
2242,2
2243,0
2244,0
2245,0
2246,1
2247,0
2248,1
2249,2
2250,0
2251,0
2252,1
2253,2
2254,0
2255,1
2256,0
2257,1
2258,0
2259,2
2260,2
2261,0
2262,1
2263,1
2264,1
2265,2
2266,0
2267,0
2268,0
2269,0
2270,1
2271,2
2272,2
2273,2
2274,1
2275,2
2276,1
2277,2
2278,0
2279,1
2280,2
2281,2
2282,2
2283,0
2284,2
2285,1
2286,0
2287,1
2288,0
2289,2
2290,0
2291,2
2292,0
2293,1
2294,2
2295,2
2296,2
2297,2
2298,2
2299,0
2300,1
2301,2
2302,0
2303,1
2304,2
2305,2
2306,2
2307,1
2308,2
2309,2
2310,2
2311,1
2312,2
2313,1
2314,2
2315,1
2316,2
2317,0
2318,2
2319,1
2320,0
2321,2
2322,2
2323,0
2324,2
2325,0
2326,1
2327,2
2328,1
2329,0
2330,2
2331,2
2332,1
2333,2
2334,0
2335,1
2336,1
2337,1
2338,2
2339,0
2340,2
2341,0
2342,0
2343,1
2344,2
2345,0
2346,1
2347,0
2348,0
2349,1
2350,0
2351,0
2352,2
2353,0
2354,1
2355,0
2356,0
2357,2
2358,1
2359,2
2360,1
2361,0
2362,0
2363,1
2364,2
2365,0
2366,1
2367,0
2368,0
2369,2
2370,1
2371,1
2372,0
2373,1
2374,0
2375,2
2376,2
2377,0
2378,0
2379,0
2380,2
2381,0
2382,2
2383,1
2384,0
2385,2
2386,2
2387,1
2388,0
2389,0
2390,0
2391,2
2392,2
2393,2
2394,0
2395,0
2396,2
2397,2
2398,1
2399,1
2400,0
2401,0
2402,0
2403,2
2404,2
2405,2
2406,1
2407,0
2408,0
2409,2
2410,0
2411,2
2412,2
2413,2
2414,0
2415,1
2416,2
2417,1
2418,0
2419,2
2420,0
2421,0
2422,1
2423,2
2424,1
2425,0
2426,2
2427,2
2428,0
2429,0
2430,2
2431,2
2432,0
2433,0
2434,0
2435,1
2436,2
2437,0
2438,0
2439,0
2440,2
2441,1
2442,2
2443,2
2444,2
2445,2
2446,0
2447,2
2448,1
2449,0
2450,1
2451,1
2452,0
2453,0
2454,2
2455,2
2456,2
2457,0
2458,2
2459,1
2460,2
2461,2
2462,1
2463,1
2464,2
2465,1
2466,2
2467,1
2468,2
2469,1
2470,2
2471,1
2472,2
2473,1
2474,0
2475,0
2476,2
2477,1
2478,2
2479,2
2480,2
2481,1
2482,2
2483,0
2484,2
2485,2
2486,1
2487,2
2488,1
2489,2
2490,1
2491,0
2492,2
2493,2
2494,2
2495,2
2496,0
2497,0
2498,1
2499,0
2500,1
2501,2
2502,2
2503,2
2504,1
2505,2
2506,0
2507,2
2508,2
2509,1
2510,2
2511,2
2512,2
2513,0
2514,0
2515,1
2516,1
2517,0
2518,2
2519,2
2520,0
2521,2
2522,1
2523,0
2524,2
2525,1
2526,2
2527,1
2528,2
2529,2
2530,0
2531,2
2532,2
2533,0
2534,0
2535,1
2536,1
2537,2
2538,1
2539,0
2540,0
2541,2
2542,2
2543,2
2544,2
2545,1
2546,2
2547,2
2548,0
2549,2
2550,0
2551,2
2552,0
2553,0
2554,2
2555,2
2556,2
2557,1
2558,1
2559,0
2560,1
2561,0
2562,0
2563,0
2564,2
2565,0
2566,2
2567,0
2568,1
2569,2
2570,2
2571,1
2572,0
2573,0
2574,1
2575,1
2576,2
2577,0
2578,0
2579,2
2580,2
2581,2
2582,0
2583,0
2584,2
2585,2
2586,0
2587,0
2588,1
2589,0
2590,2
2591,2
2592,2
2593,0
2594,2
2595,1
2596,1
2597,1
2598,0
2599,0
2600,2
2601,2
2602,2
2603,2
2604,2
2605,1
2606,2
2607,2
2608,2
2609,0
2610,1
2611,2
2612,2
2613,1
2614,2
2615,1
2616,2
2617,2
2618,0
2619,2
2620,1
2621,2
2622,0
2623,1
2624,0
2625,2
2626,0
2627,0
2628,2
2629,2
2630,0
2631,1
2632,1
2633,0
2634,1
2635,2
2636,2
2637,1
2638,0
2639,2
2640,1
2641,2
2642,0
2643,2
2644,2
2645,1
2646,0
2647,2
2648,1
2649,0
2650,1
2651,1
2652,0
2653,2
2654,0
2655,0
2656,2
2657,0
2658,0
2659,1
2660,0
2661,1
2662,2
2663,1
2664,2
2665,1
2666,0
2667,2
2668,1
2669,2
2670,2
2671,1
2672,2
2673,2
2674,2
2675,1
2676,2
2677,2
2678,1
2679,0
2680,2
2681,1
2682,0
2683,1
2684,2
2685,2
2686,2
2687,2
2688,0
2689,1
2690,1
2691,1
2692,1
2693,0
2694,1
2695,2
2696,2
2697,1
2698,0
2699,2
2700,0
2701,0
2702,2
2703,1
2704,1
2705,2
2706,0
2707,1
2708,1
2709,0
2710,0
2711,1
2712,0
2713,2
2714,2
2715,1
2716,1
2717,2
2718,0
2719,2
2720,0
2721,2
2722,0
2723,2
2724,2
2725,2
2726,2
2727,1
2728,2
2729,2
2730,2
2731,1
2732,0
2733,1
2734,2
2735,0
2736,2
2737,0
2738,2
2739,2
2740,2
2741,0
2742,2
2743,0
2744,0
2745,0
2746,0
2747,2
2748,2
2749,2
2750,0
2751,0
2752,2
2753,1
2754,2
2755,2
2756,0
2757,0
2758,2
2759,2
2760,1
2761,2
2762,1
2763,1
2764,2
2765,0
2766,2
2767,0
2768,0
2769,1
2770,1
2771,0
2772,1
2773,1
2774,0
2775,0
2776,0
2777,2
2778,0
2779,2
2780,0
2781,2
2782,0
2783,0
2784,2
2785,0
2786,1
2787,0
2788,1
2789,2
2790,2
2791,2
2792,0
2793,2
2794,2
2795,2
2796,0
2797,0
2798,2
2799,1
2800,2
2801,0
2802,2
2803,1
2804,1
2805,2
2806,0
2807,1
2808,0
2809,0
2810,2
2811,0
2812,0
2813,1
2814,1
2815,1
2816,2
2817,0
2818,2
2819,2
2820,2
2821,0
2822,1
2823,2
2824,0
2825,0
2826,1
2827,2
2828,2
2829,1
2830,0
2831,2
2832,2
2833,1
2834,0
2835,1
2836,0
2837,1
2838,2
2839,0
2840,2
2841,1
2842,1
2843,1
2844,0
2845,0
2846,1
2847,1
2848,2
2849,0
2850,1
2851,2
2852,2
2853,0
2854,0
2855,0
2856,2
2857,2
2858,0
2859,0
2860,1
2861,0
2862,0
2863,1
2864,2
2865,1
2866,2
2867,0
2868,0
2869,1
2870,0
2871,1
2872,2
2873,1
2874,2
2875,2
2876,1
2877,2
2878,2
2879,0
2880,2
2881,1
2882,1
2883,2
2884,1
2885,0
2886,0
2887,1
2888,2
2889,2
2890,1
2891,2
2892,2
2893,1
2894,1
2895,0
2896,1
2897,0
2898,2
2899,0
2900,2
2901,1
2902,0
2903,0
2904,2
2905,0
2906,2
2907,1
2908,1
2909,1
2910,2
2911,2
2912,0
2913,1
2914,1
2915,0
2916,2
2917,2
2918,0
2919,1
2920,0
2921,2
2922,1
2923,0
2924,1
2925,0
2926,1
2927,2
2928,2
2929,2
2930,0
2931,0
2932,0
2933,2
2934,2
2935,1
2936,2
2937,1
2938,0
2939,2
2940,0
2941,2
2942,0
2943,1
2944,0
2945,1
2946,0
2947,2
2948,0
2949,1
2950,2
2951,0
2952,1
2953,0
2954,1
2955,2
2956,0
2957,1
2958,0
2959,0
2960,1
2961,1
2962,1
2963,0
2964,1
2965,2
2966,0
2967,2
2968,0
2969,0
2970,0
2971,0
2972,0
2973,0
2974,0
2975,2
2976,0
2977,0
2978,2
2979,1
2980,2
2981,0
2982,1
2983,1
2984,0
2985,1
2986,0
2987,0
2988,1
2989,0
2990,1
2991,0
2992,2
2993,2
2994,1
2995,2
2996,2
2997,0
2998,1
2999,2
3000,2
3001,1
3002,0
3003,0
3004,1
3005,2
3006,2
3007,2
3008,2
3009,0
3010,1
3011,1
3012,0
3013,0
3014,0
3015,2
3016,2
3017,0
3018,0
3019,2
3020,2
3021,0
3022,1
3023,1
3024,2
3025,1
3026,2
3027,2
3028,2
3029,0
3030,1
3031,2
3032,0
3033,0
3034,1
3035,2
3036,1
3037,2
3038,2
3039,2
3040,1
3041,2
3042,2
3043,1
3044,0
3045,2
3046,0
3047,0
3048,1
3049,0
3050,0
3051,2
3052,0
3053,1
3054,0
3055,1
3056,0
3057,0
3058,2
3059,2
3060,2
3061,2
3062,0
3063,1
3064,2
3065,2
3066,2
3067,2
3068,0
3069,2
3070,2
3071,1
3072,2
3073,2
3074,2
3075,1
3076,0
3077,2
3078,1
3079,1
3080,0
3081,2
3082,2
3083,0
3084,1
3085,0
3086,0
3087,1
3088,2
3089,1
3090,2
3091,0
3092,0
3093,2
3094,1
3095,0
3096,2
3097,2
3098,0
3099,0
3100,2
3101,0
3102,2
3103,2
3104,1
3105,0
3106,2
3107,0
3108,0
3109,0
3110,0
3111,1
3112,2
3113,0
3114,2
3115,1
3116,0
3117,1
3118,1
3119,2
3120,0
3121,0
3122,2
3123,1
3124,0
3125,0
3126,2
3127,1
3128,2
3129,2
3130,2
3131,0
3132,1
3133,0
3134,2
3135,0
3136,2
3137,2
3138,2
3139,0
3140,2
3141,0
3142,1
3143,0
3144,0
3145,2
3146,2
3147,0
3148,0
3149,2
3150,0
3151,2
3152,2
3153,1
3154,2
3155,1
3156,2
3157,1
3158,0
3159,0
3160,1
3161,2
3162,0
3163,2
3164,0
3165,1
3166,2
3167,2
3168,2
3169,2
3170,0
3171,1
3172,0
3173,1
3174,2
3175,2
3176,2
3177,0
3178,1
3179,2
3180,0
3181,1
3182,0
3183,1
3184,1
3185,0
3186,0
3187,2
3188,0
3189,1
3190,0
3191,0
3192,1
3193,2
3194,2
3195,1
3196,1
3197,2
3198,1
3199,0
3200,0
3201,0
3202,0
3203,2
3204,0
3205,1
3206,2
3207,1
3208,0
3209,1
3210,2
3211,2
3212,2
3213,0
3214,2
3215,0
3216,2
3217,0
3218,0
3219,1
3220,0
3221,1
3222,0
3223,1
3224,0
3225,2
3226,2
3227,1
3228,2
3229,2
3230,0
3231,2
3232,1
3233,0
3234,1
3235,2
3236,1
3237,1
3238,0
3239,1
3240,0
3241,2
3242,0
3243,2
3244,2
3245,1
3246,0
3247,0
3248,2
3249,1
3250,2
3251,1
3252,0
3253,0
3254,2
3255,2
3256,2
3257,0
3258,2
3259,0
3260,0
3261,0
3262,1
3263,1
3264,1
3265,1
3266,2
3267,1
3268,2
3269,2
3270,1
3271,0
3272,2
3273,0
3274,2
3275,1
3276,2
3277,0
3278,2
3279,2
3280,1
3281,0
3282,2
3283,2
3284,0
3285,2
3286,0
3287,2
3288,0
3289,2
3290,2
3291,2
3292,0
3293,1
3294,0
3295,2
3296,1
3297,1
3298,2
3299,0
3300,2
3301,1
3302,0
3303,0
3304,2
3305,2
3306,1
3307,0
3308,2
3309,2
3310,0
3311,2
3312,1
3313,0
3314,1
3315,0
3316,2
3317,1
3318,1
3319,1
3320,0
3321,0
3322,0
3323,1
3324,0
3325,1
3326,0
3327,2
3328,0
3329,1
3330,1
3331,2
3332,1
3333,1
3334,0
3335,0
3336,0
3337,1
3338,2
3339,2
3340,1
3341,2
3342,0
3343,1
3344,0
3345,0
3346,0
3347,2
3348,2
3349,2
3350,1
3351,2
3352,2
3353,0
3354,0
3355,2
3356,0
3357,0
3358,0
3359,1
3360,0
3361,1
3362,2
3363,1
3364,2
3365,0
3366,0
3367,2
3368,2
3369,0
3370,1
3371,0
3372,0
3373,1
3374,2
3375,0
3376,0
3377,0
3378,0
3379,0
3380,0
3381,0
3382,1
3383,0
3384,2
3385,1
3386,2
3387,0
3388,2
3389,2
3390,1
3391,2
3392,2
3393,2
3394,2
3395,0
3396,1
3397,1
3398,0
3399,0
3400,2
3401,0
3402,0
3403,1
3404,0
3405,0
3406,1
3407,2
3408,2
3409,1
3410,2
3411,2
3412,0
3413,2
3414,0
3415,2
3416,0
3417,1
3418,2
3419,2
3420,2
3421,0
3422,0
3423,2
3424,2
3425,0
3426,2
3427,1
3428,1
3429,0
3430,0
3431,2
3432,2
3433,1
3434,2
3435,2
3436,2
3437,2
3438,1
3439,2
3440,1
3441,2
3442,0
3443,0
3444,2
3445,2
3446,0
3447,0
3448,1
3449,1
3450,0
3451,0
3452,2
3453,2
3454,2
3455,1
3456,0
3457,0
3458,0
3459,2
3460,2
3461,1
3462,1
3463,0
3464,1
3465,1
3466,2
3467,0
3468,2
3469,0
3470,2
3471,2
3472,0
3473,2
3474,1
3475,2
3476,0
3477,1
3478,1
3479,0
3480,0
3481,2
3482,1
3483,0
3484,0
3485,0
3486,0
3487,0
3488,2
3489,2
3490,0
3491,2
3492,1
3493,0
3494,2
3495,1
3496,1
3497,2
3498,1
3499,2
3500,0
3501,0
3502,2
3503,2
3504,2
3505,2
3506,1
3507,0
3508,0
3509,2
3510,0
3511,1
3512,0
3513,2
3514,2
3515,0
3516,2
3517,2
3518,2
3519,2
3520,0
3521,2
3522,0
3523,0
3524,0
3525,0
3526,1
3527,0
3528,0
3529,2
3530,2
3531,2
3532,0
3533,1
3534,2
3535,0
3536,2
3537,2
3538,1
3539,2
3540,2
3541,2
3542,0
3543,2
3544,0
3545,0
3546,1
3547,2
3548,1
3549,1
3550,2
3551,2
3552,0
3553,0
3554,1
3555,0
3556,0
3557,2
3558,0
3559,1
3560,2
3561,0
3562,1
3563,1
3564,1
3565,0
3566,1
3567,0
3568,0
3569,2
3570,2
3571,1
3572,2
3573,1
3574,1
3575,1
3576,2
3577,2
3578,2
3579,1
3580,1
3581,2
3582,2
3583,0
3584,1
3585,0
3586,0
3587,0
3588,0
3589,2
3590,2
3591,1
3592,2
3593,2
3594,2
3595,1
3596,2
3597,0
3598,0
3599,0
3600,1
3601,2
3602,0
3603,0
3604,1
3605,2
3606,1
3607,2
3608,1
3609,2
3610,2
3611,0
3612,2
3613,0
3614,0
3615,0
3616,1
3617,2
3618,0
3619,0
3620,1
3621,2
3622,2
3623,1
3624,0
3625,0
3626,1
3627,0
3628,1
3629,1
3630,0
3631,1
3632,1
3633,2
3634,2
3635,1
3636,2
3637,1
3638,2
3639,1
3640,0
3641,2
3642,1
3643,0
3644,1
3645,0
3646,0
3647,2
3648,2
3649,1
3650,0
3651,0
3652,0
3653,0
3654,2
3655,1
3656,0
3657,2
3658,0
3659,1
3660,0
3661,0
3662,1
3663,2
3664,1
3665,0
3666,2
3667,1
3668,0
3669,1
3670,1
3671,2
3672,2
3673,2
3674,2
3675,1
3676,2
3677,0
3678,1
3679,2
3680,1
3681,2
3682,1
3683,0
3684,2
3685,0
3686,2
3687,2
3688,0
3689,2
3690,2
3691,1
3692,0
3693,0
3694,0
3695,0
3696,2
3697,0
3698,0
3699,0
3700,0
3701,2
3702,0
3703,0
3704,2
3705,0
3706,0
3707,2
3708,2
3709,1
3710,0
3711,0
3712,0
3713,0
3714,1
3715,2
3716,0
3717,0
3718,2
3719,0
3720,2
3721,2
3722,1
3723,0
3724,1
3725,1
3726,2
3727,0
3728,2
3729,1
3730,2
3731,2
3732,2
3733,0
3734,0
3735,1
3736,1
3737,0
3738,1
3739,2
3740,2
3741,2
3742,0
3743,0
3744,1
3745,2
3746,0
3747,2
3748,2
3749,2
3750,2
3751,0
3752,1
3753,0
3754,0
3755,2
3756,2
3757,1
3758,2
3759,1
3760,0
3761,2
3762,0
3763,1
3764,1
3765,2
3766,2
3767,1
3768,2
3769,2
3770,0
3771,2
3772,0
3773,2
3774,2
3775,2
3776,2
3777,0
3778,2
3779,1
3780,2
3781,2
3782,1
3783,1
3784,0
3785,2
3786,2
3787,1
3788,0
3789,2
3790,1
3791,2
3792,0
3793,2
3794,0
3795,0
3796,1
3797,0
3798,1
3799,1
3800,2
3801,2
3802,0
3803,0
3804,0
3805,0
3806,1
3807,1
3808,2
3809,1
3810,0
3811,2
3812,1
3813,2
3814,2
3815,0
3816,0
3817,2
3818,2
3819,2
3820,2
3821,0
3822,2
3823,2
3824,0
3825,1
3826,2
3827,2
3828,1
3829,1
3830,2
3831,2
3832,1
3833,0
3834,2
3835,0
3836,0
3837,2
3838,0
3839,1
3840,1
3841,0
3842,2
3843,2
3844,0
3845,2
3846,0
3847,0
3848,1
3849,0
3850,0
3851,0
3852,0
3853,2
3854,2
3855,2
3856,0
3857,2
3858,2
3859,0
3860,0
3861,0
3862,2
3863,0
3864,0
3865,2
3866,0
3867,1
3868,2
3869,0
3870,1
3871,0
3872,2
3873,0
3874,0
3875,1
3876,0
3877,0
3878,0
3879,0
3880,0
3881,2
3882,2
3883,2
3884,0
3885,2
3886,2
3887,2
3888,2
3889,0
3890,2
3891,1
3892,0
3893,1
3894,1
3895,2
3896,2
3897,0
3898,2
3899,2
3900,0
3901,1
3902,2
3903,0
3904,2
3905,0
3906,2
3907,1
3908,1
3909,1
3910,2
3911,2
3912,2
3913,2
3914,1
3915,1
3916,1
3917,1
3918,0
3919,0
3920,0
3921,2
3922,1
3923,0
3924,1
3925,2
3926,2
3927,2
3928,1
3929,1
3930,0
3931,0
3932,2
3933,1
3934,0
3935,2
3936,0
3937,1
3938,0
3939,2
3940,0
3941,1
3942,0
3943,0
3944,0
3945,1
3946,0
3947,2
3948,2
3949,2
3950,1
3951,1
3952,0
3953,2
3954,2
3955,1
3956,1
3957,0
3958,0
3959,2
3960,2
3961,2
3962,2
3963,0
3964,0
3965,2
3966,0
3967,0
3968,0
3969,1
3970,0
3971,0
3972,2
3973,0
3974,0
3975,1
3976,2
3977,1
3978,1
3979,1
3980,1
3981,0
3982,0
3983,1
3984,1
3985,2
3986,0
3987,1
3988,1
3989,2
3990,1
3991,1
3992,2
3993,0
3994,2
3995,0
3996,1
3997,0
3998,2
3999,2
4000,2
4001,1
4002,1
4003,1
4004,1
4005,2
4006,0
4007,1
4008,2
4009,0
4010,1
4011,1
4012,1
4013,0
4014,2
4015,2
4016,2
4017,1
4018,0
4019,2
4020,0
4021,2
4022,1
4023,2
4024,0
4025,1
4026,0
4027,1
4028,1
4029,0
4030,0
4031,2
4032,2
4033,0
4034,2
4035,0
4036,1
4037,2
4038,2
4039,1
4040,2
4041,2
4042,1
4043,2
4044,0
4045,0
4046,2
4047,2
4048,2
4049,0
4050,1
4051,2
4052,2
4053,0
4054,2
4055,0
4056,2
4057,0
4058,1
4059,1
4060,0
4061,1
4062,2
4063,1
4064,0
4065,1
4066,1
4067,2
4068,1
4069,2
4070,0
4071,1
4072,0
4073,1
4074,1
4075,1
4076,2
4077,1
4078,2
4079,2
4080,0
4081,2
4082,2
4083,1
4084,2
4085,1
4086,1
4087,2
4088,1
4089,0
4090,2
4091,2
4092,2
4093,2
4094,1
4095,1
4096,0
4097,1
4098,1
4099,1
4100,1
4101,1
4102,2
4103,0
4104,1
4105,2
4106,0
4107,2
4108,0
4109,0
4110,2
4111,2
4112,1
4113,2
4114,2
4115,2
4116,1
4117,2
4118,0
4119,0
4120,0
4121,0
4122,2
4123,1
4124,0
4125,0
4126,1
4127,2
4128,2
4129,0
4130,0
4131,2
4132,2
4133,2
4134,2
4135,2
4136,1
4137,0
4138,0
4139,2
4140,1
4141,1
4142,1
4143,2
4144,2
4145,1
4146,2
4147,0
4148,2
4149,2
4150,0
4151,0
4152,0
4153,1
4154,2
4155,2
4156,1
4157,0
4158,2
4159,2
4160,1
4161,1
4162,1
4163,2
4164,1
4165,0
4166,1
4167,1
4168,2
4169,0
4170,2
4171,1
4172,0
4173,0
4174,2
4175,1
4176,2
4177,2
4178,0
4179,2
4180,0
4181,0
4182,0
4183,1
4184,1
4185,1
4186,2
4187,1
4188,2
4189,1
4190,2
4191,2
4192,2
4193,0
4194,0
4195,2
4196,0
4197,1
4198,0
4199,0
4200,1
4201,1
4202,0
4203,1
4204,1
4205,2
4206,2
4207,2
4208,2
4209,0
4210,2
4211,2
4212,0
4213,0
4214,0
4215,0
4216,0
4217,1
4218,0
4219,0
4220,1
4221,1
4222,1
4223,0
4224,2
4225,1
4226,2
4227,0
4228,0
4229,0
4230,1
4231,1
4232,1
4233,1
4234,1
4235,2
4236,2
4237,2
4238,2
4239,2
4240,1
4241,0
4242,1
4243,1
4244,2
4245,0
4246,2
4247,1
4248,0
4249,2
4250,0
4251,1
4252,2
4253,2
4254,1
4255,2
4256,0
4257,0
4258,1
4259,0
4260,2
4261,1
4262,2
4263,2
4264,0
4265,1
4266,1
4267,1
4268,0
4269,2
4270,2
4271,0
4272,2
4273,2
4274,0
4275,2
4276,2
4277,0
4278,1
4279,1
4280,1
4281,2
4282,1
4283,1
4284,0
4285,0
4286,1
4287,1
4288,0
4289,2
4290,2
4291,0
4292,2
4293,1
4294,0
4295,0
4296,0
4297,2
4298,2
4299,2
4300,1
4301,1
4302,2
4303,0
4304,0
4305,1
4306,2
4307,1
4308,0
4309,0
4310,1
4311,0
4312,1
4313,2
4314,2
4315,2
4316,0
4317,0
4318,0
4319,0
4320,2
4321,0
4322,1
4323,0
4324,0
4325,2
4326,1
4327,1
4328,0
4329,0
4330,2
4331,0
4332,0
4333,1
4334,0
4335,2
4336,0
4337,0
4338,2
4339,0
4340,0
4341,2
4342,1
4343,1
4344,2
4345,0
4346,0
4347,1
4348,2
4349,0
4350,0
4351,2
4352,2
4353,2
4354,1
4355,2
4356,0
4357,0
4358,0
4359,1
4360,1
4361,0
4362,1
4363,1
4364,0
4365,2
4366,0
4367,0
4368,0
4369,1
4370,2
4371,0
4372,0
4373,2
4374,2
4375,2
4376,0
4377,0
4378,2
4379,2
4380,1
4381,2
4382,0
4383,2
4384,0
4385,1
4386,2
4387,1
4388,2
4389,1
4390,2
4391,2
4392,1
4393,2
4394,2
4395,0
4396,2
4397,0
4398,1
4399,0
4400,0
4401,2
4402,2
4403,0
4404,2
4405,0
4406,2
4407,0
4408,0
4409,1
4410,0
4411,2
4412,2
4413,1
4414,2
4415,2
4416,0
4417,0
4418,2
4419,2
4420,1
4421,0
4422,0
4423,2
4424,1
4425,0
4426,1
4427,0
4428,0
4429,2
4430,2
4431,1
4432,1
4433,2
4434,0
4435,1
4436,2
4437,0
4438,2
4439,1
4440,2
4441,0
4442,2
4443,0
4444,1
4445,2
4446,0
4447,2
4448,2
4449,0
4450,0
4451,0
4452,2
4453,0
4454,2
4455,0
4456,1
4457,0
4458,0
4459,2
4460,1
4461,2
4462,0
4463,2
4464,0
4465,1
4466,2
4467,2
4468,1
4469,2
4470,0
4471,0
4472,0
4473,1
4474,1
4475,0
4476,2
4477,2
4478,1
4479,0
4480,1
4481,0
4482,2
4483,0
4484,1
4485,2
4486,0
4487,1
4488,1
4489,0
4490,0
4491,0
4492,2
4493,1
4494,2
4495,1
4496,2
4497,2
4498,0
4499,1
4500,2
4501,2
4502,1
4503,2
4504,0
4505,0
4506,0
4507,1
4508,1
4509,0
4510,1
4511,1
4512,0
4513,2
4514,2
4515,0
4516,1
4517,1
4518,2
4519,0
4520,0
4521,1
4522,1
4523,0
4524,1
4525,2
4526,1
4527,0
4528,0
4529,2
4530,2
4531,1
4532,1
4533,2
4534,1
4535,2
4536,2
4537,1
4538,2
4539,0
4540,1
4541,1
4542,1
4543,0
4544,1
4545,1
4546,0
4547,2
4548,0
4549,1
4550,0
4551,1
4552,0
4553,0
4554,2
4555,2
4556,0
4557,2
4558,0
4559,1
4560,2
4561,1
4562,0
4563,2
4564,2
4565,1
4566,0
4567,2
4568,0
4569,2
4570,0
4571,0
4572,2
4573,0
4574,0
4575,1
4576,1
4577,2
4578,1
4579,0
4580,0
4581,0
4582,2
4583,1
4584,0
4585,1
4586,2
4587,0
4588,2
4589,2
4590,1
4591,1
4592,2
4593,1
4594,2
4595,1
4596,1
4597,2
4598,2
4599,2
4600,1
4601,2
4602,2
4603,2
4604,0
4605,2
4606,2
4607,1
4608,2
4609,2
4610,0
4611,0
4612,0
4613,1
4614,2
4615,2
4616,0
4617,1
4618,2
4619,1
4620,2
4621,1
4622,1
4623,1
4624,2
4625,0
4626,0
4627,0
4628,0
4629,2
4630,2
4631,0
4632,2
4633,1
4634,2
4635,1
4636,2
4637,1
4638,0
4639,0
4640,2
4641,2
4642,2
4643,1
4644,1
4645,2
4646,2
4647,0
4648,0
4649,2
4650,0
4651,0
4652,2
4653,2
4654,0
4655,2
4656,2
4657,0
4658,1
4659,1
4660,2
4661,0
4662,1
4663,2
4664,2
4665,0
4666,2
4667,0
4668,1
4669,2
4670,0
4671,0
4672,0
4673,0
4674,2
4675,2
4676,0
4677,2
4678,1
4679,0
4680,0
4681,2
4682,2
4683,1
4684,2
4685,2
4686,0
4687,2
4688,2
4689,2
4690,2
4691,1
4692,1
4693,0
4694,2
4695,2
4696,1
4697,0
4698,1
4699,0
4700,2
4701,2
4702,0
4703,2
4704,1
4705,0
4706,1
4707,2
4708,0
4709,0
4710,2
4711,1
4712,0
4713,2
4714,0
4715,0
4716,1
4717,0
4718,1
4719,2
4720,1
4721,0
4722,0
4723,0
4724,1
4725,0
4726,2
4727,1
4728,1
4729,0
4730,0
4731,0
4732,0
4733,0
4734,2
4735,0
4736,1
4737,1
4738,0
4739,2
4740,0
4741,0
4742,0
4743,1
4744,0
4745,1
4746,2
4747,2
4748,1
4749,1
4750,2
4751,1
4752,0
4753,0
4754,1
4755,0
4756,0
4757,0
4758,2
4759,2
4760,1
4761,0
4762,2
4763,1
4764,1
4765,2
4766,0
4767,1
4768,1
4769,0
4770,0
4771,2
4772,2
4773,1
4774,0
4775,0
4776,1
4777,0
4778,1
4779,2
4780,2
4781,0
4782,2
4783,0
4784,0
4785,0
4786,2
4787,2
4788,2
4789,2
4790,2
4791,1
4792,2
4793,2
4794,2
4795,2
4796,0
4797,0
4798,0
4799,1
4800,0
4801,2
4802,2
4803,0
4804,2
4805,2
4806,2
4807,2
4808,2
4809,2
4810,2
4811,0
4812,2
4813,0
4814,2
4815,1
4816,0
4817,2
4818,2
4819,2
4820,2
4821,1
4822,1
4823,1
4824,1
4825,0
4826,0
4827,0
4828,0
4829,0
4830,1
4831,0
4832,1
4833,0
4834,1
4835,1
4836,0
4837,0
4838,2
4839,0
4840,1
4841,0
4842,1
4843,1
4844,1
4845,2
4846,0
4847,2
4848,2
4849,0
4850,2
4851,2
4852,1
4853,2
4854,1
4855,2
4856,1
4857,1
4858,1
4859,0
4860,0
4861,2
4862,1
4863,0
4864,0
4865,2
4866,2
4867,2
4868,2
4869,0
4870,0
4871,1
4872,2
4873,1
4874,2
4875,2
4876,1
4877,2
4878,0
4879,2
4880,1
4881,2
4882,0
4883,2
4884,2
4885,2
4886,2
4887,0
4888,2
4889,2
4890,2
4891,0
4892,0
4893,2
4894,2
4895,2
4896,1
4897,1
4898,0
4899,2
4900,1
4901,0
4902,2
4903,0
4904,2
4905,1
4906,1
4907,2
4908,2
4909,2
4910,0
4911,2
4912,1
4913,0
4914,1
4915,2
4916,0
4917,0
4918,1
4919,2
4920,1
4921,2
4922,2
4923,0
4924,0
4925,0
4926,1
4927,2
4928,0
4929,0
4930,0
4931,1
4932,1
4933,2
4934,1
4935,0
4936,2
4937,0
4938,1
4939,0
4940,1
4941,0
4942,2
4943,2
4944,0
4945,2
4946,2
4947,0
4948,1
4949,2
4950,2
4951,0
4952,2
4953,0
4954,1
4955,2
4956,1
4957,1
4958,1
4959,1
4960,1
4961,2
4962,2
4963,1
4964,0
4965,1
4966,2
4967,1
4968,2
4969,2
4970,2
4971,1
4972,0
4973,0
4974,2
4975,2
4976,0
4977,2
4978,0
4979,2
4980,2
4981,2
4982,2
4983,2
4984,1
4985,0
4986,1
4987,2
4988,1
4989,2
4990,0
4991,2
4992,0
4993,2
4994,2
4995,2
4996,1
4997,1
4998,0
4999,2
5000,2
5001,2
5002,2
5003,0
5004,0
5005,1
5006,1
5007,0
5008,2
5009,0
5010,0
5011,1
5012,0
5013,2
5014,2
5015,2
5016,0
5017,1
5018,1
5019,1
5020,0
5021,2
5022,2
5023,0
5024,2
5025,0
5026,1
5027,2
5028,1
5029,1
5030,2
5031,2
5032,2
5033,2
5034,2
5035,1
5036,1
5037,2
5038,0
5039,2
5040,1
5041,1
5042,2
5043,0
5044,1
5045,2
5046,2
5047,1
5048,2
5049,0
5050,2
5051,0
5052,0
5053,1
5054,0
5055,0
5056,2
5057,2
5058,2
5059,1
5060,0
5061,0
5062,0
5063,1
5064,2
5065,2
5066,1
5067,1
5068,0
5069,0
5070,0
5071,1
5072,0
5073,0
5074,0
5075,1
5076,2
5077,2
5078,0
5079,0
5080,2
5081,0
5082,2
5083,2
5084,0
5085,1
5086,2
5087,0
5088,1
5089,1
5090,0
5091,2
5092,0
5093,0
5094,0
5095,0
5096,1
5097,1
5098,2
5099,1
5100,0
5101,1
5102,0
5103,1
5104,1
5105,1
5106,2
5107,2
5108,2
5109,1
5110,2
5111,2
5112,0
5113,0
5114,1
5115,2
5116,2
5117,2
5118,2
5119,1
5120,2
5121,0
5122,0
5123,0
5124,1
5125,2
5126,2
5127,2
5128,0
5129,2
5130,1
5131,2
5132,2
5133,0
5134,0
5135,2
5136,2
5137,1
5138,2
5139,0
5140,2
5141,2
5142,1
5143,1
5144,1
5145,1
5146,1
5147,2
5148,1
5149,2
5150,0
5151,2
5152,2
5153,1
5154,1
5155,0
5156,1
5157,1
5158,0
5159,0
5160,0
5161,1
5162,2
5163,2
5164,1
5165,2
5166,2
5167,0
5168,0
5169,0
5170,0
5171,0
5172,2
5173,1
5174,0
5175,1
5176,0
5177,2
5178,0
5179,2
5180,0
5181,2
5182,0
5183,1
5184,0
5185,0
5186,0
5187,2
5188,0
5189,0
5190,0
5191,1
5192,1
5193,0
5194,2
5195,1
5196,2
5197,0
5198,0
5199,1
5200,1
5201,0
5202,2
5203,0
5204,1
5205,2
5206,2
5207,0
5208,1
5209,0
5210,1
5211,1
5212,2
5213,0
5214,0
5215,2
5216,2
5217,0
5218,1
5219,1
5220,1
5221,2
5222,1
5223,1
5224,2
5225,0
5226,0
5227,0
5228,0
5229,1
5230,2
5231,2
5232,2
5233,2
5234,0
5235,0
5236,2
5237,0
5238,2
5239,2
5240,1
5241,0
5242,0
5243,0
5244,0
5245,0
5246,1
5247,1
5248,2
5249,2
5250,1
5251,2
5252,2
5253,2
5254,2
5255,0
5256,0
5257,2
5258,2
5259,1
5260,1
5261,2
5262,0
5263,1
5264,0
5265,2
5266,0
5267,0
5268,2
5269,2
5270,0
5271,1
5272,1
5273,2
5274,0
5275,2
5276,2
5277,0
5278,1
5279,2
5280,1
5281,0
5282,1
5283,0
5284,0
5285,0
5286,0
5287,1
5288,2
5289,2
5290,0
5291,2
5292,1
5293,2
5294,2
5295,1
5296,2
5297,2
5298,2
5299,1
5300,2
5301,2
5302,1
5303,1
5304,0
5305,1
5306,2
5307,0
5308,2
5309,0
5310,0
5311,2
5312,1
5313,2
5314,0
5315,0
5316,2
5317,2
5318,2
5319,2
5320,1
5321,1
5322,0
5323,2
5324,2
5325,2
5326,0
5327,2
5328,2
5329,0
5330,1
5331,2
5332,0
5333,0
5334,2
5335,1
5336,1
5337,1
5338,0
5339,0
5340,0
5341,2
5342,2
5343,1
5344,0
5345,0
5346,1
5347,0
5348,0
5349,2
5350,0
5351,0
5352,1
5353,2
5354,2
5355,1
5356,0
5357,0
5358,1
5359,2
5360,2
5361,1
5362,2
5363,0
5364,1
5365,2
5366,2
5367,0
5368,1
5369,1
5370,1
5371,2
5372,2
5373,0
5374,0
5375,0
5376,2
5377,0
5378,2
5379,1
5380,2
5381,0
5382,2
5383,0
5384,2
5385,0
5386,0
5387,0
5388,2
5389,0
5390,0
5391,2
5392,0
5393,2
5394,0
5395,0
5396,0
5397,2
5398,2
5399,1
5400,0
5401,2
5402,1
5403,1
5404,2
5405,1
5406,2
5407,0
5408,1
5409,2
5410,0
5411,0
5412,2
5413,2
5414,0
5415,2
5416,0
5417,1
5418,0
5419,2
5420,0
5421,2
5422,1
5423,0
5424,0
5425,1
5426,1
5427,2
5428,0
5429,2
5430,0
5431,0
5432,2
5433,0
5434,2
5435,2
5436,0
5437,0
5438,0
5439,2
5440,2
5441,2
5442,1
5443,2
5444,2
5445,1
5446,2
5447,0
5448,1
5449,2
5450,1
5451,2
5452,0
5453,1
5454,0
5455,0
5456,1
5457,0
5458,1
5459,0
5460,0
5461,0
5462,0
5463,0
5464,0
5465,0
5466,0
5467,2
5468,0
5469,2
5470,2
5471,1
5472,2
5473,2
5474,2
5475,0
5476,2
5477,1
5478,0
5479,2
5480,1
5481,0
5482,2
5483,2
5484,0
5485,1
5486,2
5487,1
5488,2
5489,2
5490,2
5491,0
5492,0
5493,1
5494,0
5495,2
5496,0
5497,2
5498,1
5499,2
5500,2
5501,2
5502,0
5503,1
5504,2
5505,0
5506,1
5507,2
5508,1
5509,2
5510,2
5511,2
5512,0
5513,2
5514,2
5515,1
5516,1
5517,2
5518,0
5519,1
5520,2
5521,2
5522,0
5523,0
5524,1
5525,2
5526,1
5527,2
5528,0
5529,0
5530,0
5531,0
5532,2
5533,2
5534,2
5535,0
5536,1
5537,0
5538,2
5539,1
5540,2
5541,0
5542,2
5543,1
5544,2
5545,2
5546,0
5547,2
5548,2
5549,2
5550,0
5551,2
5552,0
5553,1
5554,2
5555,2
5556,2
5557,1
5558,2
5559,1
5560,0
5561,1
5562,2
5563,0
5564,2
5565,2
5566,0
5567,1
5568,2
5569,2
5570,1
5571,2
5572,0
5573,2
5574,0
5575,0
5576,2
5577,2
5578,0
5579,0
5580,0
5581,0
5582,1
5583,1
5584,1
5585,0
5586,0
5587,1
5588,0
5589,0
5590,0
5591,1
5592,0
5593,2
5594,0
5595,1
5596,0
5597,2
5598,1
5599,0
5600,0
5601,2
5602,0
5603,1
5604,1
5605,1
5606,0
5607,0
5608,0
5609,2
5610,0
5611,0
5612,0
5613,2
5614,0
5615,2
5616,1
5617,2
5618,0
5619,0
5620,1
5621,0
5622,1
5623,2
5624,2
5625,0
5626,1
5627,0
5628,2
5629,2
5630,2
5631,0
5632,0
5633,0
5634,0
5635,2
5636,0
5637,0
5638,1
5639,2
5640,1
5641,2
5642,2
5643,2
5644,2
5645,2
5646,2
5647,2
5648,2
5649,2
5650,2
5651,2
5652,2
5653,0
5654,2
5655,2
5656,0
5657,2
5658,1
5659,2
5660,2
5661,1
5662,1
5663,0
5664,0
5665,2
5666,1
5667,1
5668,0
5669,0
5670,1
5671,1
5672,2
5673,0
5674,2
5675,2
5676,2
5677,1
5678,2
5679,2
5680,2
5681,2
5682,0
5683,0
5684,2
5685,0
5686,0
5687,1
5688,0
5689,2
5690,2
5691,2
5692,0
5693,2
5694,2
5695,1
5696,2
5697,2
5698,1
5699,0
5700,2
5701,2
5702,1
5703,1
5704,2
5705,2
5706,2
5707,1
5708,0
5709,2
5710,0
5711,2
5712,2
5713,2
5714,2
5715,2
5716,1
5717,0
5718,0
5719,2
5720,2
5721,2
5722,1
5723,2
5724,1
5725,2
5726,0
5727,2
5728,2
5729,2
5730,0
5731,0
5732,2
5733,1
5734,1
5735,1
5736,2
5737,2
5738,0
5739,1
5740,0
5741,0
5742,0
5743,1
5744,2
5745,2
5746,1
5747,0
5748,0
5749,1
5750,0
5751,0
5752,2
5753,2
5754,2
5755,1
5756,0
5757,0
5758,0
5759,1
5760,2
5761,2
5762,0
5763,2
5764,2
5765,0
5766,2
5767,0
5768,0
5769,0
5770,0
5771,2
5772,2
5773,0
5774,2
5775,2
5776,1
5777,0
5778,2
5779,0
5780,0
5781,0
5782,0
5783,2
5784,0
5785,1
5786,2
5787,1
5788,0
5789,0
5790,1
5791,2
5792,0
5793,0
5794,2
5795,1
5796,0
5797,0
5798,0
5799,1
5800,1
5801,1
5802,0
5803,0
5804,0
5805,2
5806,1
5807,2
5808,1
5809,0
5810,2
5811,2
5812,2
5813,2
5814,2
5815,2
5816,1
5817,2
5818,1
5819,1
5820,2
5821,2
5822,0
5823,0
5824,2
5825,2
5826,0
5827,2
5828,2
5829,2
5830,1
5831,1
5832,0
5833,1
5834,0
5835,2
5836,2
5837,0
5838,2
5839,2
5840,2
5841,0
5842,0
5843,0
5844,0
5845,2
5846,2
5847,0
5848,1
5849,0
5850,2
5851,0
5852,2
5853,2
5854,0
5855,0
5856,2
5857,0
5858,0
5859,0
5860,2
5861,1
5862,1
5863,0
5864,0
5865,1
5866,2
5867,2
5868,1
5869,0
5870,2
5871,0
5872,2
5873,0
5874,2
5875,2
5876,2
5877,1
5878,0
5879,1
5880,0
5881,0
5882,0
5883,1
5884,1
5885,1
5886,1
5887,2
5888,2
5889,2
5890,2
5891,0
5892,2
5893,2
5894,0
5895,2
5896,2
5897,1
5898,0
5899,0
5900,2
5901,0
5902,1
5903,1
5904,2
5905,2
5906,2
5907,1
5908,2
5909,0
5910,2
5911,2
5912,2
5913,1
5914,2
5915,2
5916,1
5917,0
5918,1
5919,1
5920,2
5921,0
5922,2
5923,2
5924,2
5925,2
5926,0
5927,2
5928,1
5929,0
5930,0
5931,1
5932,2
5933,2
5934,2
5935,0
5936,1
5937,1
5938,1
5939,2
5940,1
5941,2
5942,2
5943,2
5944,0
5945,1
5946,2
5947,1
5948,2
5949,0
5950,0
5951,2
5952,0
5953,1
5954,1
5955,2
5956,2
5957,1
5958,0
5959,2
5960,1
5961,2
5962,1
5963,0
5964,2
5965,1
5966,2
5967,2
5968,1
5969,1
5970,2
5971,1
5972,1
5973,1
5974,0
5975,2
5976,2
5977,2
5978,0
5979,2
5980,2
5981,0
5982,0
5983,2
5984,0
5985,1
5986,2
5987,0
5988,0
5989,2
5990,1
5991,0
5992,0
5993,0
5994,1
5995,0
5996,2
5997,1
5998,0
5999,2
6000,2
6001,1
6002,1
6003,0
6004,1
6005,2
6006,0
6007,0
6008,0
6009,2
6010,2
6011,1
6012,1
6013,2
6014,1
6015,0
6016,2
6017,1
6018,2
6019,1
6020,0
6021,2
6022,2
6023,2
6024,2
6025,0
6026,2
6027,2
6028,1
6029,0
6030,2
6031,2
6032,2
6033,0
6034,1
6035,1
6036,1
6037,0
6038,0
6039,0
6040,0
6041,2
6042,2
6043,2
6044,0
6045,0
6046,1
6047,0
6048,2
6049,0
6050,0
6051,0
6052,1
6053,0
6054,1
6055,0
6056,2
6057,0
6058,1
6059,2
6060,0
6061,2
6062,0
6063,1
6064,2
6065,0
6066,0
6067,1
6068,1
6069,0
6070,1
6071,0
6072,2
6073,0
6074,1
6075,2
6076,1
6077,2
6078,0
6079,0
6080,0
6081,2
6082,2
6083,0
6084,2
6085,0
6086,2
6087,1
6088,2
6089,1
6090,1
6091,1
6092,0
6093,0
6094,1
6095,2
6096,1
6097,1
6098,0
6099,1
6100,2
6101,2
6102,2
6103,0
6104,0
6105,2
6106,0
6107,1
6108,2
6109,1
6110,2
6111,0
6112,2
6113,2
6114,1
6115,2
6116,0
6117,2
6118,0
6119,0
6120,2
6121,1
6122,2
6123,2
6124,1
6125,2
6126,1
6127,2
6128,1
6129,2
6130,1
6131,0
6132,0
6133,2
6134,2
6135,1
6136,1
6137,2
6138,0
6139,2
6140,0
6141,2
6142,0
6143,1
6144,2
6145,0
6146,1
6147,2
6148,0
6149,0
6150,2
6151,1
6152,0
6153,1
6154,0
6155,2
6156,2
6157,2
6158,1
6159,0
6160,1
6161,0
6162,0
6163,2
6164,2
6165,2
6166,1
6167,2
6168,2
6169,1
6170,2
6171,0
6172,2
6173,2
6174,2
6175,2
6176,2
6177,2
6178,1
6179,2
6180,2
6181,1
6182,2
6183,2
6184,1
6185,1
6186,2
6187,2
6188,1
6189,0
6190,1
6191,0
6192,1
6193,2
6194,1
6195,0
6196,1
6197,1
6198,2
6199,0
6200,0
6201,0
6202,1
6203,1
6204,0
6205,1
6206,0
6207,2
6208,1
6209,2
6210,0
6211,2
6212,2
6213,0
6214,1
6215,1
6216,0
6217,2
6218,2
6219,2
6220,2
6221,0
6222,0
6223,2
6224,2
6225,2
6226,0
6227,1
6228,0
6229,2
6230,0
6231,0
6232,1
6233,2
6234,1
6235,0
6236,2
6237,0
6238,2
6239,0
6240,0
6241,0
6242,0
6243,1
6244,1
6245,1
6246,1
6247,0
6248,2
6249,0
6250,1
6251,0
6252,0
6253,1
6254,2
6255,2
6256,1
6257,2
6258,2
6259,0
6260,1
6261,0
6262,1
6263,2
6264,1
6265,1
6266,0
6267,0
6268,2
6269,2
6270,2
6271,2
6272,0
6273,0
6274,2
6275,1
6276,1
6277,0
6278,0
6279,2
6280,0
6281,1
6282,2
6283,2
6284,0
6285,2
6286,0
6287,0
6288,0
6289,2
6290,1
6291,1
6292,1
6293,0
6294,0
6295,2
6296,2
6297,0
6298,0
6299,2
6300,1
6301,0
6302,1
6303,1
6304,1
6305,0
6306,1
6307,0
6308,2
6309,0
6310,1
6311,1
6312,0
6313,0
6314,2
6315,1
6316,0
6317,0
6318,2
6319,0
6320,0
6321,2
6322,2
6323,2
6324,2
6325,2
6326,0
6327,2
6328,2
6329,0
6330,2
6331,2
6332,0
6333,0
6334,2
6335,1
6336,0
6337,2
6338,0
6339,0
6340,2
6341,1
6342,1
6343,1
6344,0
6345,2
6346,1
6347,0
6348,0
6349,0
6350,2
6351,1
6352,1
6353,1
6354,1
6355,2
6356,0
6357,1
6358,0
6359,1
6360,0
6361,0
6362,1
6363,2
6364,1
6365,2
6366,2
6367,1
6368,2
6369,2
6370,0
6371,2
6372,1
6373,2
6374,0
6375,2
6376,1
6377,0
6378,0
6379,2
6380,0
6381,2
6382,2
6383,1
6384,0
6385,1
6386,1
6387,1
6388,0
6389,2
6390,1
6391,0
6392,2
6393,2
6394,0
6395,0
6396,2
6397,2
6398,1
6399,1
6400,2
6401,2
6402,2
6403,0
6404,1
6405,1
6406,2
6407,2
6408,0
6409,0
6410,0
6411,1
6412,2
6413,2
6414,0
6415,0
6416,0
6417,0
6418,1
6419,2
6420,0
6421,0
6422,1
6423,2
6424,2
6425,2
6426,2
6427,1
6428,2
6429,1
6430,2
6431,2
6432,2
6433,0
6434,1
6435,1
6436,2
6437,1
6438,0
6439,2
6440,2
6441,2
6442,0
6443,0
6444,2
6445,1
6446,2
6447,2
6448,0
6449,1
6450,2
6451,2
6452,2
6453,0
6454,2
6455,0
6456,2
6457,0
6458,0
6459,0
6460,2
6461,2
6462,2
6463,0
6464,2
6465,0
6466,1
6467,1
6468,2
6469,2
6470,0
6471,2
6472,0
6473,2
6474,0
6475,2
6476,1
6477,0
6478,1
6479,1
6480,2
6481,1
6482,0
6483,2
6484,0
6485,0
6486,2
6487,1
6488,2
6489,0
6490,0
6491,2
6492,2
6493,0
6494,0
6495,1
6496,2
6497,1
6498,1
6499,0
6500,0
6501,1
6502,1
6503,0
6504,0
6505,0
6506,0
6507,1
6508,0
6509,0
6510,0
6511,0
6512,0
6513,0
6514,2
6515,0
6516,2
6517,2
6518,0
6519,2
6520,2
6521,1
6522,0
6523,1
6524,0
6525,2
6526,2
6527,0
6528,0
6529,2
6530,1
6531,1
6532,2
6533,2
6534,0
6535,2
6536,1
6537,0
6538,0
6539,0
6540,2
6541,2
6542,0
6543,0
6544,1
6545,2
6546,0
6547,0
6548,1
6549,2
6550,0
6551,1
6552,1
6553,0
6554,0
6555,0
6556,0
6557,1
6558,2
6559,0
6560,0
6561,2
6562,0
6563,2
6564,1
6565,1
6566,2
6567,0
6568,2
6569,2
6570,1
6571,0
6572,0
6573,0
6574,2
6575,2
6576,2
6577,1
6578,2
6579,1
6580,2
6581,0
6582,0
6583,1
6584,2
6585,2
6586,2
6587,0
6588,2
6589,0
6590,1
6591,2
6592,0
6593,2
6594,1
6595,2
6596,1
6597,2
6598,1
6599,0
6600,2
6601,0
6602,1
6603,2
6604,1
6605,2
6606,2
6607,2
6608,2
6609,1
6610,2
6611,2
6612,0
6613,2
6614,0
6615,2
6616,2
6617,0
6618,1
6619,1
6620,1
6621,2
6622,1
6623,1
6624,2
6625,1
6626,0
6627,2
6628,1
6629,2
6630,0
6631,1
6632,0
6633,2
6634,0
6635,2
6636,2
6637,1
6638,1
6639,2
6640,1
6641,2
6642,1
6643,1
6644,2
6645,2
6646,2
6647,1
6648,1
6649,1
6650,1
6651,1
6652,2
6653,2
6654,0
6655,1
6656,2
6657,2
6658,0
6659,1
6660,1
6661,2
6662,2
6663,1
6664,0
6665,1
6666,0
6667,1
6668,0
6669,2
6670,0
6671,1
6672,2
6673,2
6674,0
6675,2
6676,1
6677,1
6678,2
6679,1
6680,0
6681,1
6682,1
6683,2
6684,1
6685,1
6686,1
6687,2
6688,2
6689,0
6690,1
6691,0
6692,2
6693,2
6694,2
6695,2
6696,2
6697,2
6698,2
6699,0
6700,1
6701,1
6702,0
6703,0
6704,0
6705,2
6706,2
6707,2
6708,0
6709,2
6710,2
6711,0
6712,0
6713,0
6714,0
6715,1
6716,0
6717,0
6718,2
6719,2
6720,2
6721,2
6722,1
6723,0
6724,1
6725,0
6726,0
6727,0
6728,0
6729,0
6730,0
6731,2
6732,0
6733,2
6734,0
6735,1
6736,0
6737,2
6738,2
6739,0
6740,0
6741,2
6742,0
6743,0
6744,2
6745,0
6746,1
6747,2
6748,1
6749,0
6750,2
6751,2
6752,2
6753,1
6754,2
6755,0
6756,2
6757,2
6758,0
6759,2
6760,0
6761,2
6762,0
6763,2
6764,2
6765,1
6766,0
6767,2
6768,2
6769,0
6770,0
6771,2
6772,0
6773,2
6774,2
6775,0
6776,0
6777,0
6778,0
6779,2
6780,1
6781,0
6782,0
6783,2
6784,0
6785,0
6786,1
6787,2
6788,1
6789,2
6790,2
6791,0
6792,1
6793,2
6794,1
6795,1
6796,0
6797,0
6798,1
6799,0
6800,0
6801,0
6802,2
6803,2
6804,1
6805,2
6806,0
6807,0
6808,1
6809,2
6810,2
6811,1
6812,2
6813,2
6814,0
6815,1
6816,2
6817,0
6818,0
6819,2
6820,0
6821,2
6822,2
6823,0
6824,2
6825,2
6826,0
6827,2
6828,1
6829,1
6830,1
6831,1
6832,0
6833,0
6834,2
6835,1
6836,0
6837,0
6838,0
6839,0
6840,1
6841,0
6842,2
6843,1
6844,1
6845,2
6846,1
6847,2
6848,1
6849,2
6850,0
6851,1
6852,2
6853,0
6854,1
6855,2
6856,0
6857,0
6858,0
6859,0
6860,0
6861,2
6862,1
6863,0
6864,0
6865,0
6866,2
6867,1
6868,2
6869,0
6870,2
6871,1
6872,2
6873,2
6874,2
6875,2
6876,0
6877,2
6878,1
6879,1
6880,1
6881,2
6882,0
6883,2
6884,1
6885,0
6886,1
6887,0
6888,1
6889,0
6890,1
6891,2
6892,1
6893,1
6894,2
6895,0
6896,0
6897,2
6898,1
6899,2
6900,1
6901,2
6902,2
6903,0
6904,0
6905,0
6906,0
6907,0
6908,2
6909,0
6910,0
6911,1
6912,1
6913,0
6914,2
6915,1
6916,2
6917,2
6918,0
6919,0
6920,2
6921,1
6922,2
6923,1
6924,2
6925,2
6926,1
6927,2
6928,0
6929,0
6930,1
6931,2
6932,2
6933,2
6934,0
6935,2
6936,2
6937,0
6938,0
6939,1
6940,0
6941,0
6942,0
6943,0
6944,2
6945,2
6946,2
6947,2
6948,1
6949,1
6950,0
6951,0
6952,2
6953,1
6954,0
6955,0
6956,1
6957,2
6958,2
6959,0
6960,1
6961,2
6962,1
6963,2
6964,0
6965,1
6966,0
6967,0
6968,2
6969,0
6970,2
6971,1
6972,2
6973,1
6974,1
6975,2
6976,1
6977,1
6978,2
6979,0
6980,1
6981,1
6982,2
6983,2
6984,2
6985,2
6986,2
6987,0
6988,2
6989,2
6990,0
6991,1
6992,1
6993,2
6994,0
6995,1
6996,0
6997,0
6998,0
6999,2
7000,1
7001,2
7002,2
7003,1
7004,2
7005,0
7006,0
7007,1
7008,0
7009,1
7010,1
7011,1
7012,1
7013,1
7014,1
7015,2
7016,0
7017,1
7018,0
7019,1
7020,0
7021,0
7022,0
7023,2
7024,2
7025,0
7026,1
7027,0
7028,0
7029,2
7030,0
7031,1
7032,2
7033,1
7034,2
7035,2
7036,2
7037,0
7038,1
7039,0
7040,2
7041,2
7042,1
7043,0
7044,1
7045,2
7046,1
7047,1
7048,2
7049,2
7050,0
7051,0
7052,2
7053,2
7054,2
7055,1
7056,0
7057,0
7058,2
7059,0
7060,1
7061,0
7062,1
7063,2
7064,2
7065,2
7066,0
7067,0
7068,1
7069,2
7070,1
7071,2
7072,1
7073,1
7074,0
7075,0
7076,1
7077,2
7078,0
7079,2
7080,0
7081,1
7082,0
7083,2
7084,0
7085,1
7086,1
7087,2
7088,1
7089,1
7090,2
7091,1
7092,0
7093,2
7094,2
7095,2
7096,1
7097,2
7098,2
7099,2
7100,0
7101,2
7102,2
7103,2
7104,2
7105,0
7106,2
7107,0
7108,2
7109,1
7110,0
7111,2
7112,1
7113,2
7114,0
7115,2
7116,2
7117,1
7118,0
7119,2
7120,0
7121,1
7122,1
7123,2
7124,1
7125,2
7126,2
7127,2
7128,1
7129,2
7130,2
7131,0
7132,1
7133,2
7134,1
7135,2
7136,1
7137,0
7138,0
7139,2
7140,0
7141,2
7142,2
7143,0
7144,0
7145,0
7146,0
7147,2
7148,0
7149,2
7150,1
7151,0
7152,0
7153,0
7154,1
7155,2
7156,2
7157,1
7158,0
7159,0
7160,2
7161,2
7162,2
7163,1
7164,0
7165,0
7166,2
7167,0
7168,0
7169,0
7170,0
7171,2
7172,1
7173,0
7174,2
7175,0
7176,0
7177,1
7178,2
7179,0
7180,0
7181,2
7182,2
7183,0
7184,1
7185,0
7186,2
7187,2
7188,0
7189,0
7190,0
7191,2
7192,0
7193,0
7194,2
7195,2
7196,1
7197,0
7198,0
7199,1
7200,2
7201,0
7202,1
7203,1
7204,2
7205,0
7206,1
7207,2
7208,1
7209,1
7210,0
7211,0
7212,0
7213,2
7214,2
7215,0
7216,0
7217,0
7218,0
7219,2
7220,1
7221,0
7222,0
7223,1
7224,1
7225,2
7226,1
7227,1
7228,2
7229,0
7230,1
7231,0
7232,2
7233,1
7234,1
7235,0
7236,0
7237,0
7238,0
7239,0
7240,1
7241,0
7242,0
7243,0
7244,0
7245,0
7246,2
7247,0
7248,0
7249,1
7250,2
7251,0
7252,1
7253,1
7254,0
7255,0
7256,2
7257,1
7258,1
7259,2
7260,0
7261,2
7262,2
7263,0
7264,0
7265,1
7266,0
7267,2
7268,0
7269,1
7270,0
7271,2
7272,2
7273,0
7274,2
7275,0
7276,0
7277,1
7278,2
7279,1
7280,0
7281,0
7282,2
7283,1
7284,2
7285,1
7286,0
7287,0
7288,0
7289,0
7290,1
7291,1
7292,0
7293,2
7294,0
7295,2
7296,0
7297,2
7298,2
7299,2
7300,0
7301,1
7302,0
7303,2
7304,2
7305,1
7306,1
7307,1
7308,2
7309,0
7310,0
7311,0
7312,2
7313,2
7314,0
7315,1
7316,0
7317,0
7318,1
7319,1
7320,2
7321,1
7322,1
7323,2
7324,2
7325,2
7326,2
7327,2
7328,0
7329,0
7330,0
7331,1
7332,1
7333,0
7334,2
7335,0
7336,0
7337,0
7338,2
7339,2
7340,2
7341,0
7342,1
7343,0
7344,1
7345,2
7346,0
7347,2
7348,1
7349,2
7350,2
7351,1
7352,1
7353,1
7354,1
7355,0
7356,2
7357,1
7358,0
7359,2
7360,2
7361,0
7362,2
7363,1
7364,2
7365,0
7366,1
7367,1
7368,0
7369,1
7370,0
7371,0
7372,1
7373,1
7374,1
7375,2
7376,0
7377,2
7378,0
7379,0
7380,0
7381,2
7382,0
7383,0
7384,1
7385,0
7386,1
7387,1
7388,0
7389,2
7390,0
7391,0
7392,2
7393,1
7394,0
7395,2
7396,1
7397,0
7398,0
7399,2
7400,2
7401,2
7402,0
7403,0
7404,0
7405,0
7406,0
7407,2
7408,1
7409,1
7410,2
7411,2
7412,1
7413,0
7414,2
7415,2
7416,2
7417,1
7418,1
7419,2
7420,0
7421,1
7422,1
7423,1
7424,1
7425,0
7426,2
7427,0
7428,0
7429,0
7430,1
7431,2
7432,0
7433,0
7434,1
7435,2
7436,0
7437,0
7438,2
7439,2
7440,2
7441,1
7442,1
7443,2
7444,2
7445,2
7446,2
7447,1
7448,2
7449,1
7450,2
7451,1
7452,2
7453,0
7454,2
7455,2
7456,2
7457,2
7458,1
7459,1
7460,2
7461,0
7462,2
7463,1
7464,0
7465,2
7466,1
7467,0
7468,0
7469,0
7470,2
7471,1
7472,0
7473,2
7474,2
7475,1
7476,2
7477,2
7478,0
7479,1
7480,2
7481,1
7482,1
7483,2
7484,2
7485,0
7486,0
7487,1
7488,2
7489,2
7490,0
7491,0
7492,1
7493,2
7494,2
7495,0
7496,2
7497,2
7498,0
7499,1
7500,1
7501,2
7502,2
7503,1
7504,0
7505,0
7506,0
7507,2
7508,2
7509,0
7510,0
7511,2
7512,0
7513,0
7514,1
7515,1
7516,1
7517,0
7518,1
7519,2
7520,2
7521,2
7522,1
7523,1
7524,2
7525,0
7526,1
7527,0
7528,0
7529,0
7530,0
7531,0
7532,0
7533,1
7534,1
7535,2
7536,0
7537,1
7538,1
7539,2
7540,0
7541,1
7542,2
7543,2
7544,0
7545,0
7546,0
7547,2
7548,0
7549,2
7550,2
7551,2
7552,0
7553,0
7554,2
7555,0
7556,2
7557,2
7558,2
7559,2
7560,2
7561,0
7562,0
7563,0
7564,1
7565,2
7566,0
7567,0
7568,1
7569,0
7570,1
7571,2
7572,0
7573,2
7574,2
7575,1
7576,0
7577,0
7578,0
7579,2
7580,1
7581,0
7582,2
7583,0
7584,0
7585,2
7586,2
7587,2
7588,0
7589,2
7590,1
7591,0
7592,2
7593,1
7594,1
7595,2
7596,2
7597,2
7598,0
7599,2
7600,0
7601,0
7602,1
7603,2
7604,2
7605,2
7606,0
7607,1
7608,0
7609,0
7610,0
7611,2
7612,2
7613,0
7614,0
7615,0
7616,1
7617,0
7618,0
7619,0
7620,0
7621,2
7622,2
7623,2
7624,2
7625,2
7626,2
7627,2
7628,0
7629,2
7630,2
7631,1
7632,2
7633,1
7634,0
7635,1
7636,2
7637,0
7638,0
7639,2
7640,1
7641,2
7642,2
7643,1
7644,0
7645,2
7646,2
7647,2
7648,1
7649,0
7650,2
7651,0
7652,0
7653,2
7654,2
7655,2
7656,0
7657,2
7658,2
7659,1
7660,2
7661,0
7662,2
7663,1
7664,2
7665,0
7666,0
7667,1
7668,2
7669,0
7670,2
7671,0
7672,0
7673,2
7674,0
7675,2
7676,2
7677,0
7678,1
7679,0
7680,1
7681,2
7682,2
7683,1
7684,0
7685,2
7686,0
7687,0
7688,1
7689,2
7690,0
7691,1
7692,2
7693,1
7694,0
7695,1
7696,2
7697,1
7698,2
7699,2
7700,1
7701,2
7702,1
7703,1
7704,0
7705,0
7706,1
7707,0
7708,2
7709,2
7710,1
7711,0
7712,2
7713,2
7714,0
7715,2
7716,0
7717,0
7718,2
7719,2
7720,0
7721,2
7722,0
7723,2
7724,0
7725,0
7726,1
7727,2
7728,1
7729,2
7730,0
7731,2
7732,0
7733,1
7734,1
7735,0
7736,0
7737,2
7738,0
7739,0
7740,0
7741,0
7742,2
7743,1
7744,0
7745,1
7746,0
7747,2
7748,1
7749,0
7750,2
7751,2
7752,0
7753,0
7754,1
7755,2
7756,2
7757,2
7758,0
7759,1
7760,1
7761,2
7762,0
7763,1
7764,1
7765,2
7766,0
7767,0
7768,1
7769,1
7770,1
7771,1
7772,0
7773,1
7774,2
7775,2
7776,1
7777,0
7778,0
7779,2
7780,2
7781,2
7782,0
7783,2
7784,2
7785,1
7786,1
7787,0
7788,1
7789,0
7790,1
7791,2
7792,2
7793,0
7794,0
7795,2
7796,0
7797,2
7798,2
7799,2
7800,0
7801,0
7802,1
7803,1
7804,2
7805,0
7806,0
7807,1
7808,2
7809,0
7810,2
7811,1
7812,2
7813,0
7814,2
7815,1
7816,0
7817,2
7818,1
7819,1
7820,1
7821,0
7822,0
7823,0
7824,0
7825,0
7826,2
7827,0
7828,2
7829,2
7830,1
7831,0
7832,1
7833,2
7834,0
7835,2
7836,2
7837,2
7838,1
7839,0
7840,2
7841,2
7842,2
7843,1
7844,2
7845,2
7846,1
7847,0
7848,0
7849,1
7850,0
7851,0
7852,0
7853,1
7854,1
7855,2
7856,2
7857,1
7858,1
7859,2
7860,0
7861,1
7862,1
7863,2
7864,2
7865,2
7866,2
7867,2
7868,0
7869,2
7870,2
7871,1
7872,2
7873,1
7874,0
7875,2
7876,1
7877,0
7878,1
7879,0
7880,2
7881,1
7882,2
7883,1
7884,0
7885,2
7886,0
7887,1
7888,1
7889,2
7890,0
7891,1
7892,1
7893,2
7894,0
7895,0
7896,0
7897,2
7898,2
7899,1
7900,0
7901,2
7902,1
7903,0
7904,0
7905,2
7906,2
7907,2
7908,2
7909,2
7910,2
7911,2
7912,2
7913,1
7914,1
7915,2
7916,1
7917,2
7918,2
7919,0
7920,1
7921,1
7922,0
7923,0
7924,2
7925,0
7926,0
7927,2
7928,0
7929,2
7930,1
7931,2
7932,2
7933,0
7934,0
7935,1
7936,2
7937,2
7938,2
7939,1
7940,1
7941,1
7942,2
7943,0
7944,2
7945,2
7946,2
7947,2
7948,2
7949,0
7950,2
7951,1
7952,1
7953,2
7954,0
7955,2
7956,0
7957,0
7958,2
7959,0
7960,0
7961,0
7962,2
7963,2
7964,0
7965,2
7966,2
7967,0
7968,2
7969,2
7970,0
7971,1
7972,1
7973,1
7974,0
7975,2
7976,0
7977,0
7978,0
7979,0
7980,0
7981,0
7982,0
7983,2
7984,1
7985,2
7986,0
7987,0
7988,2
7989,1
7990,2
7991,0
7992,2
7993,2
7994,2
7995,0
7996,2
7997,0
7998,2
7999,2
8000,1
8001,2
8002,2
8003,2
8004,1
8005,0
8006,1
8007,1
8008,2
8009,2
8010,2
8011,2
8012,2
8013,2
8014,2
8015,0
8016,0
8017,2
8018,2
8019,2
8020,1
8021,1
8022,2
8023,0
8024,2
8025,0
8026,0
8027,2
8028,1
8029,1
8030,1
8031,2
8032,0
8033,2
8034,2
8035,2
8036,2
8037,0
8038,2
8039,0
8040,0
8041,2
8042,2
8043,1
8044,2
8045,1
8046,0
8047,0
8048,2
8049,1
8050,2
8051,1
8052,0
8053,2
8054,0
8055,2
8056,0
8057,2
8058,0
8059,0
8060,2
8061,2
8062,0
8063,2
8064,1
8065,2
8066,0
8067,2
8068,0
8069,1
8070,1
8071,1
8072,1
8073,2
8074,1
8075,2
8076,1
8077,0
8078,0
8079,1
8080,2
8081,2
8082,0
8083,0
8084,1
8085,2
8086,0
8087,0
8088,1
8089,1
8090,2
8091,2
8092,2
8093,2
8094,1
8095,2
8096,2
8097,0
8098,1
8099,0
8100,2
8101,2
8102,1
8103,2
8104,1
8105,2
8106,2
8107,2
8108,0
8109,0
8110,1
8111,0
8112,0
8113,2
8114,0
8115,1
8116,0
8117,0
8118,2
8119,0
8120,1
8121,2
8122,2
8123,2
8124,1
8125,0
8126,2
8127,2
8128,1
8129,1
8130,2
8131,0
8132,0
8133,0
8134,2
8135,0
8136,0
8137,2
8138,2
8139,0
8140,0
8141,0
8142,0
8143,0
8144,2
8145,0
8146,2
8147,2
8148,1
8149,1
8150,2
8151,0
8152,2
8153,2
8154,2
8155,2
8156,1
8157,2
8158,1
8159,0
8160,2
8161,2
8162,0
8163,1
8164,0
8165,1
8166,1
8167,2
8168,0
8169,2
8170,0
8171,2
8172,0
8173,0
8174,0
8175,1
8176,2
8177,2
8178,1
8179,1
8180,2
8181,0
8182,1
8183,2
8184,0
8185,0
8186,2
8187,1
8188,1
8189,0
8190,1
8191,2
8192,0
8193,0
8194,1
8195,1
8196,2
8197,0
8198,2
8199,1
8200,1
8201,2
8202,2
8203,0
8204,1
8205,0
8206,0
8207,2
8208,2
8209,1
8210,2
8211,0
8212,2
8213,2
8214,0
8215,0
8216,2
8217,1
8218,2
8219,1
8220,2
8221,0
8222,2
8223,0
8224,2
8225,2
8226,2
8227,1
8228,0
8229,2
8230,2
8231,2
8232,1
8233,2
8234,1
8235,0
8236,2
8237,2
8238,1
8239,1
8240,1
8241,2
8242,0
8243,0
8244,1
8245,0
8246,2
8247,2
8248,1
8249,2
8250,0
8251,1
8252,2
8253,0
8254,2
8255,0
8256,2
8257,1
8258,0
8259,0
8260,0
8261,0
8262,2
8263,2
8264,1
8265,2
8266,2
8267,1
8268,2
8269,0
8270,0
8271,1
8272,1
8273,1
8274,1
8275,1
8276,2
8277,2
8278,2
8279,2
8280,0
8281,0
8282,2
8283,0
8284,2
8285,1
8286,1
8287,0
8288,1
8289,0
8290,2
8291,0
8292,1
8293,0
8294,2
8295,2
8296,1
8297,1
8298,1
8299,0
8300,1
8301,1
8302,2
8303,2
8304,0
8305,1
8306,0
8307,2
8308,1
8309,2
8310,0
8311,2
8312,2
8313,2
8314,0
8315,0
8316,0
8317,0
8318,2
8319,0
8320,2
8321,0
8322,0
8323,1
8324,2
8325,1
8326,2
8327,0
8328,0
8329,0
8330,0
8331,2
8332,1
8333,0
8334,1
8335,0
8336,0
8337,2
8338,2
8339,2
8340,2
8341,2
8342,1
8343,0
8344,1
8345,1
8346,2
8347,0
8348,1
8349,2
8350,0
8351,2
8352,0
8353,2
8354,2
8355,2
8356,1
8357,2
8358,1
8359,1
8360,0
8361,0
8362,0
8363,2
8364,1
8365,0
8366,1
8367,1
8368,2
8369,1
8370,0
8371,0
8372,2
8373,2
8374,2
8375,1
8376,1
8377,0
8378,0
8379,2
8380,2
8381,0
8382,2
8383,2
8384,1
8385,0
8386,1
8387,0
8388,0
8389,1
8390,2
8391,2
8392,0
8393,0
8394,0
8395,2
8396,0
8397,1
8398,2
8399,0
8400,2
8401,1
8402,2
8403,1
8404,0
8405,2
8406,0
8407,2
8408,1
8409,0
8410,2
8411,2
8412,1
8413,0
8414,2
8415,0
8416,0
8417,0
8418,2
8419,2
8420,2
8421,0
8422,1
8423,2
8424,2
8425,0
8426,1
8427,0
8428,1
8429,0
8430,1
8431,0
8432,1
8433,2
8434,2
8435,2
8436,2
8437,2
8438,0
8439,0
8440,1
8441,1
8442,0
8443,0
8444,0
8445,0
8446,1
8447,0
8448,0
8449,0
8450,0
8451,1
8452,0
8453,0
8454,2
8455,0
8456,1
8457,2
8458,2
8459,2
8460,2
8461,0
8462,0
8463,2
8464,1
8465,0
8466,2
8467,1
8468,0
8469,2
8470,2
8471,1
8472,0
8473,2
8474,1
8475,0
8476,1
8477,2
8478,2
8479,0
8480,0
8481,1
8482,0
8483,1
8484,2
8485,2
8486,0
8487,1
8488,1
8489,1
8490,0
8491,2
8492,0
8493,2
8494,0
8495,2
8496,2
8497,0
8498,0
8499,0
8500,1
8501,2
8502,0
8503,1
8504,2
8505,2
8506,2
8507,1
8508,2
8509,2
8510,0
8511,0
8512,2
8513,0
8514,1
8515,2
8516,1
8517,2
8518,0
8519,2
8520,1
8521,1
8522,1
8523,1
8524,0
8525,0
8526,1
8527,1
8528,0
8529,0
8530,0
8531,0
8532,2
8533,2
8534,0
8535,1
8536,0
8537,1
8538,1
8539,0
8540,0
8541,2
8542,2
8543,2
8544,2
8545,0
8546,2
8547,1
8548,0
8549,2
8550,0
8551,2
8552,1
8553,0
8554,2
8555,0
8556,2
8557,1
8558,2
8559,1
8560,1
8561,1
8562,1
8563,1
8564,1
8565,0
8566,0
8567,2
8568,0
8569,1
8570,0
8571,2
8572,0
8573,0
8574,2
8575,2
8576,2
8577,2
8578,1
8579,1
8580,1
8581,2
8582,1
8583,0
8584,1
8585,1
8586,1
8587,2
8588,0
8589,1
8590,0
8591,0
8592,0
8593,0
8594,0
8595,0
8596,1
8597,0
8598,2
8599,0
8600,2
8601,0
8602,2
8603,0
8604,1
8605,1
8606,1
8607,2
8608,0
8609,2
8610,0
8611,1
8612,2
8613,2
8614,0
8615,0
8616,2
8617,2
8618,0
8619,2
8620,1
8621,2
8622,1
8623,0
8624,0
8625,0
8626,1
8627,2
8628,1
8629,0
8630,0
8631,0
8632,2
8633,1
8634,2
8635,1
8636,0
8637,0
8638,1
8639,2
8640,2
8641,1
8642,2
8643,1
8644,0
8645,0
8646,0
8647,2
8648,1
8649,0
8650,2
8651,0
8652,2
8653,2
8654,2
8655,0
8656,2
8657,2
8658,0
8659,2
8660,1
8661,1
8662,1
8663,2
8664,2
8665,1
8666,2
8667,2
8668,1
8669,1
8670,2
8671,2
8672,1
8673,1
8674,1
8675,2
8676,0
8677,2
8678,2
8679,2
8680,0
8681,1
8682,2
8683,2
8684,2
8685,1
8686,1
8687,1
8688,2
8689,2
8690,2
8691,2
8692,1
8693,0
8694,0
8695,0
8696,0
8697,1
8698,1
8699,1
8700,2
8701,1
8702,2
8703,1
8704,1
8705,1
8706,0
8707,2
8708,2
8709,2
8710,2
8711,2
8712,0
8713,2
8714,0
8715,2
8716,2
8717,2
8718,2
8719,0
8720,0
8721,2
8722,1
8723,0
8724,0
8725,0
8726,0
8727,2
8728,1
8729,0
8730,2
8731,2
8732,0
8733,0
8734,1
8735,2
8736,0
8737,2
8738,2
8739,2
8740,0
8741,2
8742,2
8743,0
8744,2
8745,1
8746,0
8747,0
8748,0
8749,2
8750,0
8751,1
8752,0
8753,0
8754,1
8755,1
8756,1
8757,2
8758,1
8759,2
8760,1
8761,2
8762,0
8763,0
8764,2
8765,1
8766,1
8767,1
8768,0
8769,1
8770,1
8771,1
8772,2
8773,0
8774,2
8775,1
8776,0
8777,0
8778,1
8779,0
8780,2
8781,0
8782,2
8783,2
8784,2
8785,1
8786,2
8787,2
8788,2
8789,0
8790,2
8791,1
8792,1
8793,2
8794,2
8795,2
8796,2
8797,1
8798,0
8799,0
8800,0
8801,1
8802,2
8803,1
8804,0
8805,1
8806,2
8807,2
8808,1
8809,1
8810,2
8811,2
8812,0
8813,0
8814,1
8815,2
8816,2
8817,2
8818,0
8819,0
8820,0
8821,0
8822,1
8823,2
8824,1
8825,0
8826,2
8827,2
8828,0
8829,2
8830,1
8831,2
8832,2
8833,2
8834,2
8835,2
8836,2
8837,0
8838,2
8839,1
8840,2
8841,2
8842,0
8843,1
8844,1
8845,1
8846,0
8847,2
8848,2
8849,1
8850,1
8851,2
8852,2
8853,2
8854,0
8855,0
8856,2
8857,0
8858,0
8859,1
8860,2
8861,2
8862,0
8863,2
8864,0
8865,0
8866,1
8867,0
8868,2
8869,2
8870,2
8871,0
8872,2
8873,0
8874,0
8875,0
8876,2
8877,1
8878,2
8879,2
8880,1
8881,0
8882,0
8883,0
8884,0
8885,2
8886,0
8887,0
8888,2
8889,0
8890,2
8891,2
8892,0
8893,1
8894,1
8895,1
8896,1
8897,0
8898,0
8899,1
8900,0
8901,0
8902,0
8903,0
8904,2
8905,0
8906,1
8907,2
8908,0
8909,1
8910,0
8911,0
8912,2
8913,0
8914,1
8915,0
8916,0
8917,1
8918,2
8919,0
8920,0
8921,0
8922,0
8923,2
8924,1
8925,2
8926,0
8927,1
8928,0
8929,0
8930,1
8931,0
8932,1
8933,1
8934,1
8935,0
8936,1
8937,0
8938,1
8939,0
8940,0
8941,1
8942,2
8943,1
8944,2
8945,0
8946,0
8947,2
8948,0
8949,0
8950,2
8951,1
8952,0
8953,0
8954,0
8955,2
8956,0
8957,0
8958,0
8959,2
8960,0
8961,2
8962,0
8963,1
8964,1
8965,0
8966,0
8967,0
8968,2
8969,1
8970,2
8971,1
8972,2
8973,0
8974,2
8975,1
8976,2
8977,0
8978,0
8979,1
8980,0
8981,2
8982,2
8983,0
8984,0
8985,0
8986,1
8987,1
8988,2
8989,0
8990,0
8991,2
8992,0
8993,2
8994,2
8995,1
8996,0
8997,1
8998,1
8999,1
9000,0
9001,0
9002,2
9003,1
9004,1
9005,2
9006,2
9007,0
9008,0
9009,1
9010,2
9011,0
9012,1
9013,2
9014,1
9015,0
9016,2
9017,1
9018,0
9019,1
9020,2
9021,0
9022,2
9023,0
9024,0
9025,1
9026,0
9027,2
9028,2
9029,2
9030,2
9031,1
9032,2
9033,2
9034,2
9035,1
9036,0
9037,2
9038,1
9039,2
9040,2
9041,2
9042,0
9043,0
9044,2
9045,2
9046,2
9047,0
9048,0
9049,1
9050,2
9051,1
9052,1
9053,2
9054,2
9055,0
9056,0
9057,1
9058,2
9059,0
9060,2
9061,2
9062,2
9063,2
9064,1
9065,2
9066,0
9067,2
9068,0
9069,1
9070,1
9071,0
9072,2
9073,0
9074,0
9075,1
9076,0
9077,0
9078,0
9079,1
9080,2
9081,0
9082,0
9083,2
9084,2
9085,1
9086,0
9087,2
9088,0
9089,0
9090,2
9091,2
9092,1
9093,2
9094,0
9095,2
9096,0
9097,0
9098,1
9099,0
9100,1
9101,2
9102,1
9103,1
9104,2
9105,2
9106,1
9107,2
9108,0
9109,2
9110,0
9111,1
9112,2
9113,2
9114,2
9115,2
9116,2
9117,2
9118,0
9119,0
9120,2
9121,1
9122,0
9123,1
9124,1
9125,0
9126,2
9127,0
9128,0
9129,1
9130,2
9131,2
9132,0
9133,2
9134,0
9135,1
9136,2
9137,1
9138,2
9139,1
9140,0
9141,1
9142,2
9143,2
9144,2
9145,1
9146,2
9147,2
9148,1
9149,0
9150,2
9151,2
9152,0
9153,0
9154,2
9155,2
9156,1
9157,0
9158,1
9159,0
9160,0
9161,0
9162,0
9163,1
9164,2
9165,2
9166,2
9167,0
9168,2
9169,1
9170,0
9171,1
9172,1
9173,0
9174,1
9175,0
9176,2
9177,0
9178,1
9179,1
9180,2
9181,2
9182,1
9183,2
9184,1
9185,2
9186,2
9187,0
9188,2
9189,1
9190,1
9191,0
9192,2
9193,2
9194,0
9195,2
9196,0
9197,0
9198,1
9199,2
9200,1
9201,1
9202,1
9203,0
9204,2
9205,1
9206,0
9207,2
9208,2
9209,2
9210,0
9211,1
9212,0
9213,0
9214,1
9215,2
9216,0
9217,2
9218,1
9219,1
9220,1
9221,2
9222,1
9223,1
9224,1
9225,2
9226,2
9227,0
9228,2
9229,1
9230,1
9231,1
9232,0
9233,2
9234,0
9235,1
9236,2
9237,1
9238,2
9239,2
9240,1
9241,1
9242,1
9243,2
9244,0
9245,2
9246,0
9247,1
9248,2
9249,0
9250,0
9251,2
9252,2
9253,1
9254,0
9255,0
9256,1
9257,0
9258,2
9259,0
9260,1
9261,2
9262,2
9263,1
9264,0
9265,0
9266,0
9267,2
9268,0
9269,0
9270,0
9271,2
9272,0
9273,2
9274,1
9275,0
9276,2
9277,2
9278,0
9279,0
9280,1
9281,2
9282,0
9283,2
9284,2
9285,1
9286,1
9287,2
9288,0
9289,0
9290,1
9291,2
9292,2
9293,2
9294,1
9295,2
9296,2
9297,1
9298,2
9299,2
9300,2
9301,2
9302,0
9303,2
9304,1
9305,0
9306,2
9307,0
9308,0
9309,0
9310,0
9311,2
9312,2
9313,2
9314,0
9315,2
9316,2
9317,0
9318,2
9319,0
9320,2
9321,2
9322,2
9323,2
9324,2
9325,0
9326,1
9327,0
9328,0
9329,0
9330,0
9331,0
9332,2
9333,2
9334,1
9335,2
9336,2
9337,2
9338,2
9339,0
9340,0
9341,0
9342,0
9343,2
9344,0
9345,1
9346,0
9347,2
9348,2
9349,1
9350,2
9351,2
9352,2
9353,2
9354,2
9355,2
9356,1
9357,2
9358,0
9359,0
9360,1
9361,2
9362,2
9363,1
9364,1
9365,0
9366,0
9367,2
9368,0
9369,0
9370,2
9371,0
9372,2
9373,0
9374,2
9375,1
9376,1
9377,2
9378,1
9379,0
9380,2
9381,1
9382,0
9383,2
9384,1
9385,2
9386,2
9387,2
9388,1
9389,0
9390,2
9391,2
9392,0
9393,1
9394,1
9395,0
9396,2
9397,0
9398,2
9399,0
9400,0
9401,1
9402,0
9403,0
9404,0
9405,2
9406,0
9407,1
9408,1
9409,1
9410,2
9411,0
9412,2
9413,0
9414,2
9415,2
9416,2
9417,1
9418,0
9419,2
9420,1
9421,1
9422,1
9423,0
9424,2
9425,0
9426,2
9427,0
9428,0
9429,0
9430,1
9431,1
9432,2
9433,0
9434,0
9435,1
9436,1
9437,2
9438,2
9439,1
9440,2
9441,0
9442,2
9443,2
9444,2
9445,2
9446,0
9447,2
9448,1
9449,0
9450,2
9451,2
9452,2
9453,2
9454,0
9455,2
9456,2
9457,1
9458,0
9459,0
9460,0
9461,0
9462,0
9463,1
9464,2
9465,1
9466,2
9467,0
9468,1
9469,2
9470,0
9471,2
9472,2
9473,2
9474,2
9475,0
9476,0
9477,0
9478,2
9479,0
9480,2
9481,1
9482,0
9483,1
9484,2
9485,2
9486,2
9487,0
9488,2
9489,1
9490,2
9491,2
9492,2
9493,0
9494,2
9495,2
9496,0
9497,1
9498,2
9499,0
9500,1
9501,1
9502,2
9503,2
9504,2
9505,0
9506,0
9507,1
9508,2
9509,0
9510,2
9511,2
9512,2
9513,0
9514,0
9515,2
9516,2
9517,2
9518,0
9519,1
9520,0
9521,2
9522,2
9523,0
9524,1
9525,2
9526,2
9527,0
9528,0
9529,1
9530,0
9531,1
9532,2
9533,0
9534,0
9535,2
9536,0
9537,1
9538,0
9539,0
9540,2
9541,0
9542,1
9543,0
9544,0
9545,2
9546,0
9547,1
9548,2
9549,2
9550,0
9551,1
9552,1
9553,2
9554,2
9555,2
9556,1
9557,2
9558,1
9559,0
9560,1
9561,2
9562,2
9563,1
9564,0
9565,1
9566,0
9567,0
9568,2
9569,0
9570,0
9571,1
9572,2
9573,1
9574,2
9575,2
9576,1
9577,1
9578,2
9579,0
9580,1
9581,2
9582,0
9583,2
9584,2
9585,1
9586,2
9587,0
9588,0
9589,0
9590,1
9591,0
9592,1
9593,1
9594,2
9595,2
9596,2
9597,0
9598,0
9599,1
9600,0
9601,2
9602,2
9603,1
9604,0
9605,1
9606,0
9607,1
9608,2
9609,0
9610,2
9611,1
9612,0
9613,2
9614,0
9615,0
9616,0
9617,2
9618,0
9619,0
9620,2
9621,2
9622,1
9623,1
9624,1
9625,2
9626,0
9627,0
9628,0
9629,0
9630,1
9631,1
9632,1
9633,1
9634,2
9635,0
9636,2
9637,0
9638,2
9639,0
9640,2
9641,2
9642,1
9643,2
9644,0
9645,2
9646,0
9647,2
9648,1
9649,1
9650,2
9651,0
9652,0
9653,1
9654,2
9655,2
9656,2
9657,2
9658,0
9659,2
9660,0
9661,0
9662,2
9663,1
9664,2
9665,0
9666,2
9667,2
9668,0
9669,1
9670,0
9671,0
9672,0
9673,2
9674,2
9675,1
9676,2
9677,2
9678,2
9679,2
9680,0
9681,1
9682,0
9683,0
9684,2
9685,2
9686,1
9687,2
9688,2
9689,2
9690,1
9691,0
9692,2
9693,0
9694,2
9695,0
9696,0
9697,0
9698,2
9699,0
9700,2
9701,2
9702,2
9703,1
9704,2
9705,2
9706,0
9707,1
9708,1
9709,0
9710,1
9711,2
9712,1
9713,1
9714,1
9715,2
9716,0
9717,2
9718,0
9719,2
9720,0
9721,1
9722,1
9723,0
9724,0
9725,1
9726,1
9727,1
9728,0
9729,1
9730,0
9731,2
9732,1
9733,1
9734,0
9735,2
9736,0
9737,0
9738,0
9739,1
9740,1
9741,2
9742,1
9743,2
9744,2
9745,0
9746,2
9747,2
9748,1
9749,2
9750,2
9751,1
9752,1
9753,2
9754,2
9755,2
9756,2
9757,1
9758,1
9759,2
9760,0
9761,1
9762,0
9763,2
9764,1
9765,0
9766,0
9767,0
9768,1
9769,2
9770,0
9771,0
9772,0
9773,2
9774,2
9775,2
9776,2
9777,1
9778,0
9779,2
9780,0
9781,0
9782,0
9783,2
9784,2
9785,0
9786,0
9787,0
9788,2
9789,2
9790,2
9791,2
9792,2
9793,2
9794,1
9795,0
9796,1
9797,2
9798,1
9799,2
9800,2
9801,0
9802,0
9803,1
9804,2
9805,2
9806,2
9807,0
9808,0
9809,0
9810,0
9811,0
9812,1
9813,2
9814,2
9815,2
9816,2
9817,2
9818,0
9819,1
9820,0
9821,0
9822,0
9823,2
9824,1
9825,0
9826,0
9827,1
9828,0
9829,0
9830,0
9831,0
9832,0
9833,1
9834,1
9835,1
9836,2
9837,1
9838,2
9839,2
9840,2
9841,0
9842,1
9843,2
9844,2
9845,2
9846,2
9847,2
9848,0
9849,1
9850,2
9851,1
9852,2
9853,0
9854,2
9855,0
9856,0
9857,2
9858,1
9859,1
9860,1
9861,2
9862,2
9863,2
9864,0
9865,1
9866,2
9867,1
9868,2
9869,1
9870,1
9871,0
9872,1
9873,2
9874,2
9875,2
9876,1
9877,0
9878,2
9879,2
9880,1
9881,2
9882,0
9883,2
9884,0
9885,2
9886,2
9887,2
9888,0
9889,0
9890,2
9891,0
9892,2
9893,0
9894,1
9895,2
9896,2
9897,2
9898,1
9899,0
9900,1
9901,0
9902,1
9903,2
9904,0
9905,2
9906,0
9907,1
9908,1
9909,0
9910,0
9911,2
9912,2
9913,1
9914,2
9915,0
9916,0
9917,1
9918,1
9919,2
9920,1
9921,1
9922,1
9923,0
9924,2
9925,0
9926,1
9927,2
9928,2
9929,2
9930,0
9931,1
9932,1
9933,1
9934,0
9935,2
9936,1
9937,0
9938,0
9939,1
9940,0
9941,0
9942,1
9943,0
9944,2
9945,1
9946,2
9947,2
9948,1
9949,1
9950,2
9951,2
9952,1
9953,1
9954,1
9955,2
9956,0
9957,0
9958,1
9959,0
9960,1
9961,0
9962,2
9963,2
9964,0
9965,2
9966,0
9967,2
9968,2
9969,1
9970,1
9971,2
9972,2
9973,1
9974,2
9975,2
9976,1
9977,2
9978,2
9979,0
9980,2
9981,0
9982,1
9983,0
9984,1
9985,2
9986,2
9987,0
9988,1
9989,1
9990,2
9991,0
9992,0
9993,2
9994,2
9995,1
9996,0
9997,1
9998,2
9999,1
10000,1
10001,0
10002,0
10003,0
10004,1
10005,2
10006,2
10007,1
10008,1
10009,0
10010,2
10011,1
10012,2
10013,0
10014,0
10015,2
10016,0
10017,1
10018,0
10019,0
10020,0
10021,2
10022,2
10023,2
10024,0
10025,2
10026,2
10027,2
10028,1
10029,2
10030,0
10031,0
10032,0
10033,1
10034,2
10035,1
10036,2
10037,0
10038,1
10039,2
10040,2
10041,1
10042,0
10043,1
10044,1
10045,2
10046,2
10047,0
10048,0
10049,0
10050,2
10051,2
10052,1
10053,2
10054,1
10055,1
10056,2
10057,1
10058,2
10059,2
10060,2
10061,0
10062,0
10063,2
10064,0
10065,0
10066,1
10067,2
10068,0
10069,2
10070,2
10071,0
10072,0
10073,2
10074,2
10075,1
10076,0
10077,0
10078,2
10079,2
10080,2
10081,0
10082,2
10083,2
10084,0
10085,0
10086,0
10087,2
10088,0
10089,0
10090,0
10091,2
10092,2
10093,2
10094,0
10095,2
10096,1
10097,0
10098,0
10099,2
10100,2
10101,2
10102,1
10103,2
10104,0
10105,0
10106,0
10107,2
10108,1
10109,1
10110,1
10111,0
10112,0
10113,2
10114,1
10115,2
10116,1
10117,2
10118,1
10119,1
10120,0
10121,2
10122,2
10123,2
10124,2
10125,0
10126,0
10127,0
10128,2
10129,0
